-- MySQL dump 10.13  Distrib 9.2.0, for Win64 (x86_64)
--
-- Host: localhost    Database: performance_booking
-- ------------------------------------------------------
-- Server version	9.2.0

/*!40101 SET @OLD_CHARACTER_SET_CLIENT=@@CHARACTER_SET_CLIENT */;
/*!40101 SET @OLD_CHARACTER_SET_RESULTS=@@CHARACTER_SET_RESULTS */;
/*!40101 SET @OLD_COLLATION_CONNECTION=@@COLLATION_CONNECTION */;
/*!50503 SET NAMES utf8mb4 */;
/*!40103 SET @OLD_TIME_ZONE=@@TIME_ZONE */;
/*!40103 SET TIME_ZONE='+00:00' */;
/*!40014 SET @OLD_UNIQUE_CHECKS=@@UNIQUE_CHECKS, UNIQUE_CHECKS=0 */;
/*!40014 SET @OLD_FOREIGN_KEY_CHECKS=@@FOREIGN_KEY_CHECKS, FOREIGN_KEY_CHECKS=0 */;
/*!40101 SET @OLD_SQL_MODE=@@SQL_MODE, SQL_MODE='NO_AUTO_VALUE_ON_ZERO' */;
/*!40111 SET @OLD_SQL_NOTES=@@SQL_NOTES, SQL_NOTES=0 */;

--
-- Table structure for table `booking_groups`
--

DROP TABLE IF EXISTS `booking_groups`;
/*!40101 SET @saved_cs_client     = @@character_set_client */;
/*!50503 SET character_set_client = utf8mb4 */;
CREATE TABLE `booking_groups` (
  `group_id` varchar(50) NOT NULL,
  `user_id` varchar(20) NOT NULL,
  `schedule_id` int NOT NULL,
  `total_price` int NOT NULL,
  `payment_method` enum('card','bank','mobile') NOT NULL,
  `special_request` text,
  `booking_date` datetime DEFAULT CURRENT_TIMESTAMP,
  `status` enum('confirmed','cancelled') DEFAULT 'confirmed',
  PRIMARY KEY (`group_id`),
  KEY `idx_booking_groups_user` (`user_id`),
  KEY `idx_booking_groups_schedule` (`schedule_id`),
  CONSTRAINT `booking_groups_ibfk_1` FOREIGN KEY (`user_id`) REFERENCES `users` (`user_id`),
  CONSTRAINT `booking_groups_ibfk_2` FOREIGN KEY (`schedule_id`) REFERENCES `performance_schedules` (`schedule_id`)
) ENGINE=InnoDB DEFAULT CHARSET=utf8mb4 COLLATE=utf8mb4_0900_ai_ci;
/*!40101 SET character_set_client = @saved_cs_client */;

--
-- Dumping data for table `booking_groups`
--

LOCK TABLES `booking_groups` WRITE;
/*!40000 ALTER TABLE `booking_groups` DISABLE KEYS */;
INSERT INTO `booking_groups` VALUES ('BG_20250608_042833','test',100,320000,'card','','2025-06-08 21:16:28','cancelled'),('BG_20250608_056973','test',100,200000,'bank','','2025-06-08 21:19:29','cancelled'),('BG_20250608_207208','test',101,400000,'mobile','','2025-06-08 21:37:11','cancelled'),('BG_20250608_261386','admin1234',101,120000,'card','','2025-06-08 21:49:22','confirmed'),('BG_20250608_283181','test1234',134,66000,'mobile','','2025-06-08 23:02:31','confirmed'),('BG_20250608_493605','admin1234',101,320000,'mobile','','2025-06-08 21:49:01','confirmed'),('BG_20250610_048012','user001',897,200000,'mobile','','2025-06-10 16:50:35','confirmed'),('BG_20250610_049620','user001',134,66000,'mobile','','2025-06-10 16:50:20','confirmed'),('BG_20250610_115084','user003',575,320000,'card','','2025-06-10 16:54:53','confirmed'),('BG_20250610_152631','user001',807,200000,'mobile','','2025-06-10 16:44:00','confirmed'),('BG_20250610_260828','user003',897,200000,'card','','2025-06-10 16:55:48','confirmed'),('BG_20250610_326444','user002',903,120000,'bank','','2025-06-10 16:53:40','confirmed'),('BG_20250610_369934','user002',902,200000,'bank','','2025-06-10 16:52:52','confirmed'),('BG_20250610_391609','user003',410,66000,'bank','','2025-06-10 16:55:23','confirmed'),('BG_20250610_423415','user002',410,1848000,'card','','2025-06-10 16:52:20','confirmed'),('BG_20250610_510780','user001',693,132000,'mobile','','2025-06-10 16:51:08','confirmed'),('BG_20250610_514895','user003',808,120000,'card','','2025-06-10 16:54:36','confirmed'),('BG_20250610_525984','user003',822,240000,'bank','','2025-06-10 16:55:04','confirmed'),('BG_20250610_653114','user002',416,132000,'mobile','','2025-06-10 16:51:41','confirmed'),('BG_20250610_729078','user003',417,132000,'bank','','2025-06-10 16:55:36','confirmed'),('BG_20250610_883828','user001',410,132000,'mobile','','2025-06-10 16:49:58','confirmed');
/*!40000 ALTER TABLE `booking_groups` ENABLE KEYS */;
UNLOCK TABLES;

--
-- Table structure for table `bookings`
--

DROP TABLE IF EXISTS `bookings`;
/*!40101 SET @saved_cs_client     = @@character_set_client */;
/*!50503 SET character_set_client = utf8mb4 */;
CREATE TABLE `bookings` (
  `booking_id` int NOT NULL AUTO_INCREMENT,
  `booking_group_id` varchar(50) NOT NULL,
  `seat_type` enum('VIP','R','S') NOT NULL,
  `seat_numbers` varchar(200) NOT NULL,
  `seat_count` int NOT NULL,
  `unit_price` int NOT NULL,
  `subtotal` int NOT NULL,
  `created_at` datetime DEFAULT CURRENT_TIMESTAMP,
  PRIMARY KEY (`booking_id`),
  KEY `idx_bookings_group` (`booking_group_id`),
  KEY `idx_bookings_schedule_seat` (`booking_group_id`,`seat_type`),
  CONSTRAINT `bookings_ibfk_1` FOREIGN KEY (`booking_group_id`) REFERENCES `booking_groups` (`group_id`) ON DELETE CASCADE
) ENGINE=InnoDB AUTO_INCREMENT=30 DEFAULT CHARSET=utf8mb4 COLLATE=utf8mb4_0900_ai_ci;
/*!40101 SET character_set_client = @saved_cs_client */;

--
-- Dumping data for table `bookings`
--

LOCK TABLES `bookings` WRITE;
/*!40000 ALTER TABLE `bookings` DISABLE KEYS */;
INSERT INTO `bookings` VALUES (1,'BG_20250608_042833','R','71,72',2,120000,240000,'2025-06-08 21:16:28'),(2,'BG_20250608_042833','S','55',1,80000,80000,'2025-06-08 21:16:28'),(3,'BG_20250608_056973','R','70',1,120000,120000,'2025-06-08 21:19:29'),(4,'BG_20250608_056973','S','54',1,80000,80000,'2025-06-08 21:19:29'),(5,'BG_20250608_207208','R','57,58',2,120000,240000,'2025-06-08 21:37:11'),(6,'BG_20250608_207208','S','15,16',2,80000,160000,'2025-06-08 21:37:11'),(7,'BG_20250608_493605','R','70,71',2,120000,240000,'2025-06-08 21:49:01'),(8,'BG_20250608_493605','S','14',1,80000,80000,'2025-06-08 21:49:01'),(9,'BG_20250608_261386','R','72',1,120000,120000,'2025-06-08 21:49:22'),(10,'BG_20250608_283181','R','9',1,66000,66000,'2025-06-08 23:02:31'),(11,'BG_20250610_152631','VIP','16',1,200000,200000,'2025-06-10 16:44:00'),(12,'BG_20250610_883828','R','8,9',2,66000,132000,'2025-06-10 16:49:58'),(13,'BG_20250610_049620','R','7',1,66000,66000,'2025-06-10 16:50:20'),(14,'BG_20250610_048012','R','7',1,120000,120000,'2025-06-10 16:50:35'),(15,'BG_20250610_048012','S','11',1,80000,80000,'2025-06-10 16:50:35'),(16,'BG_20250610_510780','R','7,8',2,66000,132000,'2025-06-10 16:51:08'),(17,'BG_20250610_653114','R','7,8',2,66000,132000,'2025-06-10 16:51:41'),(18,'BG_20250610_423415','R','83,67,51,50,49,63,78,93,108,124,140,156,172,188,84,70,56,57,58,74,89,104,119,133,147,161,175,189',28,66000,1848000,'2025-06-10 16:52:20'),(19,'BG_20250610_369934','R','7',1,120000,120000,'2025-06-10 16:52:52'),(20,'BG_20250610_369934','S','11',1,80000,80000,'2025-06-10 16:52:52'),(21,'BG_20250610_326444','R','73',1,120000,120000,'2025-06-10 16:53:40'),(22,'BG_20250610_514895','R','8',1,120000,120000,'2025-06-10 16:54:36'),(23,'BG_20250610_115084','R','81,82',2,120000,240000,'2025-06-10 16:54:53'),(24,'BG_20250610_115084','S','10',1,80000,80000,'2025-06-10 16:54:53'),(25,'BG_20250610_525984','R','8,9',2,120000,240000,'2025-06-10 16:55:04'),(26,'BG_20250610_391609','R','10',1,66000,66000,'2025-06-10 16:55:23'),(27,'BG_20250610_729078','R','53,54',2,66000,132000,'2025-06-10 16:55:36'),(28,'BG_20250610_260828','R','69',1,120000,120000,'2025-06-10 16:55:48'),(29,'BG_20250610_260828','S','13',1,80000,80000,'2025-06-10 16:55:48');
/*!40000 ALTER TABLE `bookings` ENABLE KEYS */;
UNLOCK TABLES;

--
-- Table structure for table `performance_schedules`
--

DROP TABLE IF EXISTS `performance_schedules`;
/*!40101 SET @saved_cs_client     = @@character_set_client */;
/*!50503 SET character_set_client = utf8mb4 */;
CREATE TABLE `performance_schedules` (
  `schedule_id` int NOT NULL AUTO_INCREMENT,
  `performance_id` int NOT NULL,
  `performance_date` date NOT NULL,
  `show_time` time NOT NULL,
  `round_name` varchar(50) DEFAULT NULL,
  `status` enum('available','soldout','cancelled') DEFAULT 'available',
  `created_at` datetime DEFAULT CURRENT_TIMESTAMP,
  PRIMARY KEY (`schedule_id`),
  UNIQUE KEY `unique_schedule` (`performance_id`,`performance_date`,`show_time`),
  CONSTRAINT `performance_schedules_ibfk_1` FOREIGN KEY (`performance_id`) REFERENCES `performances` (`performance_id`)
) ENGINE=InnoDB AUTO_INCREMENT=1048 DEFAULT CHARSET=utf8mb4 COLLATE=utf8mb4_0900_ai_ci;
/*!40101 SET character_set_client = @saved_cs_client */;

--
-- Dumping data for table `performance_schedules`
--

LOCK TABLES `performance_schedules` WRITE;
/*!40000 ALTER TABLE `performance_schedules` DISABLE KEYS */;
INSERT INTO `performance_schedules` VALUES (1,1,'2025-03-25','20:00:00','1회차','available','2025-06-08 17:48:10'),(2,1,'2025-03-26','16:00:00','1회차','available','2025-06-08 17:48:10'),(3,1,'2025-03-26','20:00:00','2회차','available','2025-06-08 17:48:10'),(4,1,'2025-03-27','20:00:00','1회차','available','2025-06-08 17:48:10'),(5,1,'2025-03-28','20:00:00','1회차','available','2025-06-08 17:48:10'),(6,1,'2025-03-29','15:00:00','1회차','available','2025-06-08 17:48:10'),(7,1,'2025-03-29','19:00:00','2회차','available','2025-06-08 17:48:10'),(8,1,'2025-03-30','15:00:00','1회차','available','2025-06-08 17:48:10'),(9,1,'2025-03-30','19:00:00','2회차','available','2025-06-08 17:48:10'),(10,1,'2025-04-01','20:00:00','1회차','available','2025-06-08 17:48:10'),(11,1,'2025-04-02','16:00:00','1회차','available','2025-06-08 17:48:10'),(12,1,'2025-04-02','20:00:00','2회차','available','2025-06-08 17:48:10'),(13,1,'2025-04-03','20:00:00','1회차','available','2025-06-08 17:48:10'),(14,1,'2025-04-04','20:00:00','1회차','available','2025-06-08 17:48:10'),(15,1,'2025-04-05','15:00:00','1회차','available','2025-06-08 17:48:10'),(16,1,'2025-04-05','19:00:00','2회차','available','2025-06-08 17:48:10'),(17,1,'2025-04-06','15:00:00','1회차','available','2025-06-08 17:48:10'),(18,1,'2025-04-06','19:00:00','2회차','available','2025-06-08 17:48:10'),(19,1,'2025-04-08','20:00:00','1회차','available','2025-06-08 17:48:10'),(20,1,'2025-04-09','16:00:00','1회차','available','2025-06-08 17:48:10'),(21,1,'2025-04-09','20:00:00','2회차','available','2025-06-08 17:48:10'),(22,1,'2025-04-10','20:00:00','1회차','available','2025-06-08 17:48:10'),(23,1,'2025-04-11','20:00:00','1회차','available','2025-06-08 17:48:10'),(24,1,'2025-04-12','15:00:00','1회차','available','2025-06-08 17:48:10'),(25,1,'2025-04-12','19:00:00','2회차','available','2025-06-08 17:48:10'),(26,1,'2025-04-13','15:00:00','1회차','available','2025-06-08 17:48:10'),(27,1,'2025-04-13','19:00:00','2회차','available','2025-06-08 17:48:10'),(28,1,'2025-04-15','20:00:00','1회차','available','2025-06-08 17:48:10'),(29,1,'2025-04-16','16:00:00','1회차','available','2025-06-08 17:48:10'),(30,1,'2025-04-16','20:00:00','2회차','available','2025-06-08 17:48:10'),(31,1,'2025-04-17','20:00:00','1회차','available','2025-06-08 17:48:10'),(32,1,'2025-04-18','20:00:00','1회차','available','2025-06-08 17:48:10'),(33,1,'2025-04-19','15:00:00','1회차','available','2025-06-08 17:48:10'),(34,1,'2025-04-19','19:00:00','2회차','available','2025-06-08 17:48:10'),(35,1,'2025-04-20','15:00:00','1회차','available','2025-06-08 17:48:10'),(36,1,'2025-04-20','19:00:00','2회차','available','2025-06-08 17:48:10'),(37,1,'2025-04-22','20:00:00','1회차','available','2025-06-08 17:48:10'),(38,1,'2025-04-23','16:00:00','1회차','available','2025-06-08 17:48:10'),(39,1,'2025-04-23','20:00:00','2회차','available','2025-06-08 17:48:10'),(40,1,'2025-04-24','20:00:00','1회차','available','2025-06-08 17:48:10'),(41,1,'2025-04-25','20:00:00','1회차','available','2025-06-08 17:48:10'),(42,1,'2025-04-26','15:00:00','1회차','available','2025-06-08 17:48:10'),(43,1,'2025-04-26','19:00:00','2회차','available','2025-06-08 17:48:10'),(44,1,'2025-04-27','15:00:00','1회차','available','2025-06-08 17:48:10'),(45,1,'2025-04-27','19:00:00','2회차','available','2025-06-08 17:48:10'),(46,1,'2025-04-29','20:00:00','1회차','available','2025-06-08 17:48:10'),(47,1,'2025-04-30','16:00:00','1회차','available','2025-06-08 17:48:10'),(48,1,'2025-04-30','20:00:00','2회차','available','2025-06-08 17:48:10'),(49,1,'2025-05-01','20:00:00','1회차','available','2025-06-08 17:48:10'),(50,1,'2025-05-02','20:00:00','1회차','available','2025-06-08 17:48:10'),(51,1,'2025-05-03','15:00:00','1회차','available','2025-06-08 17:48:10'),(52,1,'2025-05-03','19:00:00','2회차','available','2025-06-08 17:48:10'),(53,1,'2025-05-04','15:00:00','1회차','available','2025-06-08 17:48:10'),(54,1,'2025-05-04','19:00:00','2회차','available','2025-06-08 17:48:10'),(55,1,'2025-05-06','20:00:00','1회차','available','2025-06-08 17:48:10'),(56,1,'2025-05-07','16:00:00','1회차','available','2025-06-08 17:48:10'),(57,1,'2025-05-07','20:00:00','2회차','available','2025-06-08 17:48:10'),(58,1,'2025-05-08','20:00:00','1회차','available','2025-06-08 17:48:10'),(59,1,'2025-05-09','20:00:00','1회차','available','2025-06-08 17:48:10'),(60,1,'2025-05-10','15:00:00','1회차','available','2025-06-08 17:48:10'),(61,1,'2025-05-10','19:00:00','2회차','available','2025-06-08 17:48:10'),(62,1,'2025-05-11','15:00:00','1회차','available','2025-06-08 17:48:10'),(63,1,'2025-05-11','19:00:00','2회차','available','2025-06-08 17:48:10'),(64,1,'2025-05-13','20:00:00','1회차','available','2025-06-08 17:48:10'),(65,1,'2025-05-14','16:00:00','1회차','available','2025-06-08 17:48:10'),(66,1,'2025-05-14','20:00:00','2회차','available','2025-06-08 17:48:10'),(67,1,'2025-05-15','20:00:00','1회차','available','2025-06-08 17:48:10'),(68,1,'2025-05-16','20:00:00','1회차','available','2025-06-08 17:48:10'),(69,1,'2025-05-17','15:00:00','1회차','available','2025-06-08 17:48:10'),(70,1,'2025-05-17','19:00:00','2회차','available','2025-06-08 17:48:10'),(71,1,'2025-05-18','15:00:00','1회차','available','2025-06-08 17:48:10'),(72,1,'2025-05-18','19:00:00','2회차','available','2025-06-08 17:48:10'),(73,1,'2025-05-20','20:00:00','1회차','available','2025-06-08 17:48:10'),(74,1,'2025-05-21','16:00:00','1회차','available','2025-06-08 17:48:10'),(75,1,'2025-05-21','20:00:00','2회차','available','2025-06-08 17:48:10'),(76,1,'2025-05-22','20:00:00','1회차','available','2025-06-08 17:48:10'),(77,1,'2025-05-23','20:00:00','1회차','available','2025-06-08 17:48:10'),(78,1,'2025-05-24','15:00:00','1회차','available','2025-06-08 17:48:10'),(79,1,'2025-05-24','19:00:00','2회차','available','2025-06-08 17:48:10'),(80,1,'2025-05-25','15:00:00','1회차','available','2025-06-08 17:48:10'),(81,1,'2025-05-25','19:00:00','2회차','available','2025-06-08 17:48:10'),(82,1,'2025-05-27','20:00:00','1회차','available','2025-06-08 17:48:10'),(83,1,'2025-05-28','16:00:00','1회차','available','2025-06-08 17:48:10'),(84,1,'2025-05-28','20:00:00','2회차','available','2025-06-08 17:48:10'),(85,1,'2025-05-29','20:00:00','1회차','available','2025-06-08 17:48:10'),(86,1,'2025-05-30','20:00:00','1회차','available','2025-06-08 17:48:10'),(87,1,'2025-05-31','15:00:00','1회차','available','2025-06-08 17:48:10'),(88,1,'2025-05-31','19:00:00','2회차','available','2025-06-08 17:48:10'),(89,1,'2025-06-01','15:00:00','1회차','available','2025-06-08 17:48:10'),(90,1,'2025-06-01','19:00:00','2회차','available','2025-06-08 17:48:10'),(91,1,'2025-06-03','20:00:00','1회차','available','2025-06-08 17:48:10'),(92,1,'2025-06-04','16:00:00','1회차','available','2025-06-08 17:48:10'),(93,1,'2025-06-04','20:00:00','2회차','available','2025-06-08 17:48:10'),(94,1,'2025-06-05','20:00:00','1회차','available','2025-06-08 17:48:10'),(95,1,'2025-06-06','20:00:00','1회차','available','2025-06-08 17:48:10'),(96,1,'2025-06-07','15:00:00','1회차','available','2025-06-08 17:48:10'),(97,1,'2025-06-07','19:00:00','2회차','available','2025-06-08 17:48:10'),(98,1,'2025-06-08','15:00:00','1회차','available','2025-06-08 17:48:10'),(99,1,'2025-06-08','19:00:00','2회차','available','2025-06-08 17:48:10'),(100,1,'2025-06-10','20:00:00','1회차','available','2025-06-08 17:48:10'),(101,1,'2025-06-11','16:00:00','1회차','available','2025-06-08 17:48:10'),(102,1,'2025-06-11','20:00:00','2회차','available','2025-06-08 17:48:10'),(103,1,'2025-06-12','20:00:00','1회차','available','2025-06-08 17:48:10'),(104,1,'2025-06-13','20:00:00','1회차','available','2025-06-08 17:48:10'),(105,1,'2025-06-14','15:00:00','1회차','available','2025-06-08 17:48:10'),(106,1,'2025-06-14','19:00:00','2회차','available','2025-06-08 17:48:10'),(107,1,'2025-06-15','15:00:00','1회차','available','2025-06-08 17:48:10'),(108,1,'2025-06-15','19:00:00','2회차','available','2025-06-08 17:48:10'),(134,6,'2025-07-10','20:00:00','1회차','available','2025-06-08 22:55:36'),(410,6,'2025-07-08','20:00:00','1회차','available','2025-06-09 09:29:13'),(411,6,'2025-07-11','20:00:00','1회차','available','2025-06-09 09:29:13'),(412,6,'2025-07-12','14:00:00','1회차','available','2025-06-09 09:29:13'),(413,6,'2025-07-12','20:00:00','2회차','available','2025-06-09 09:29:13'),(414,6,'2025-07-13','14:00:00','1회차','available','2025-06-09 09:29:13'),(415,6,'2025-07-13','20:00:00','2회차','available','2025-06-09 09:29:13'),(416,6,'2025-07-15','20:00:00','1회차','available','2025-06-09 09:29:13'),(417,6,'2025-07-17','20:00:00','1회차','available','2025-06-09 09:29:13'),(418,6,'2025-07-18','20:00:00','1회차','available','2025-06-09 09:29:13'),(419,6,'2025-07-19','14:00:00','1회차','available','2025-06-09 09:29:13'),(420,6,'2025-07-19','20:00:00','2회차','available','2025-06-09 09:29:13'),(421,6,'2025-07-20','14:00:00','1회차','available','2025-06-09 09:29:13'),(422,6,'2025-07-20','20:00:00','2회차','available','2025-06-09 09:29:13'),(423,6,'2025-07-22','20:00:00','1회차','available','2025-06-09 09:29:13'),(424,6,'2025-07-24','20:00:00','1회차','available','2025-06-09 09:29:13'),(425,6,'2025-07-25','20:00:00','1회차','available','2025-06-09 09:29:13'),(426,6,'2025-07-26','14:00:00','1회차','available','2025-06-09 09:29:13'),(427,6,'2025-07-26','20:00:00','2회차','available','2025-06-09 09:29:13'),(428,6,'2025-07-27','14:00:00','1회차','available','2025-06-09 09:29:13'),(429,6,'2025-07-27','20:00:00','2회차','available','2025-06-09 09:29:13'),(430,6,'2025-07-29','20:00:00','1회차','available','2025-06-09 09:29:13'),(431,6,'2025-07-31','20:00:00','1회차','available','2025-06-09 09:29:13'),(432,6,'2025-08-01','20:00:00','1회차','available','2025-06-09 09:29:13'),(433,6,'2025-08-02','14:00:00','1회차','available','2025-06-09 09:29:13'),(434,6,'2025-08-02','20:00:00','2회차','available','2025-06-09 09:29:13'),(435,6,'2025-08-03','14:00:00','1회차','available','2025-06-09 09:29:13'),(436,6,'2025-08-03','20:00:00','2회차','available','2025-06-09 09:29:13'),(437,6,'2025-08-05','20:00:00','1회차','available','2025-06-09 09:29:13'),(438,6,'2025-08-07','20:00:00','1회차','available','2025-06-09 09:29:13'),(439,6,'2025-08-08','20:00:00','1회차','available','2025-06-09 09:29:13'),(440,6,'2025-08-09','14:00:00','1회차','available','2025-06-09 09:29:13'),(441,6,'2025-08-09','20:00:00','2회차','available','2025-06-09 09:29:13'),(442,6,'2025-08-10','14:00:00','1회차','available','2025-06-09 09:29:13'),(443,6,'2025-08-10','20:00:00','2회차','available','2025-06-09 09:29:13'),(444,6,'2025-08-12','20:00:00','1회차','available','2025-06-09 09:29:13'),(445,6,'2025-08-14','20:00:00','1회차','available','2025-06-09 09:29:13'),(446,6,'2025-08-15','20:00:00','1회차','available','2025-06-09 09:29:13'),(447,6,'2025-08-16','14:00:00','1회차','available','2025-06-09 09:29:13'),(448,6,'2025-08-16','20:00:00','2회차','available','2025-06-09 09:29:13'),(449,6,'2025-08-17','14:00:00','1회차','available','2025-06-09 09:29:13'),(450,6,'2025-08-17','20:00:00','2회차','available','2025-06-09 09:29:13'),(451,6,'2025-08-19','20:00:00','1회차','available','2025-06-09 09:29:13'),(452,6,'2025-08-21','20:00:00','1회차','available','2025-06-09 09:29:13'),(453,6,'2025-08-22','20:00:00','1회차','available','2025-06-09 09:29:13'),(454,6,'2025-08-23','14:00:00','1회차','available','2025-06-09 09:29:13'),(455,6,'2025-08-23','20:00:00','2회차','available','2025-06-09 09:29:13'),(456,6,'2025-08-24','14:00:00','1회차','available','2025-06-09 09:29:13'),(457,6,'2025-08-24','20:00:00','2회차','available','2025-06-09 09:29:13'),(458,6,'2025-08-26','20:00:00','1회차','available','2025-06-09 09:29:13'),(459,6,'2025-08-28','20:00:00','1회차','available','2025-06-09 09:29:13'),(460,6,'2025-08-29','20:00:00','1회차','available','2025-06-09 09:29:13'),(461,6,'2025-08-30','14:00:00','1회차','available','2025-06-09 09:29:13'),(462,6,'2025-08-30','20:00:00','2회차','available','2025-06-09 09:29:13'),(463,6,'2025-08-31','14:00:00','1회차','available','2025-06-09 09:29:13'),(464,6,'2025-08-31','20:00:00','2회차','available','2025-06-09 09:29:13'),(465,6,'2025-09-02','20:00:00','1회차','available','2025-06-09 09:29:13'),(466,6,'2025-09-04','20:00:00','1회차','available','2025-06-09 09:29:13'),(467,6,'2025-09-05','20:00:00','1회차','available','2025-06-09 09:29:13'),(468,6,'2025-09-06','14:00:00','1회차','available','2025-06-09 09:29:13'),(469,6,'2025-09-06','20:00:00','2회차','available','2025-06-09 09:29:13'),(470,6,'2025-09-07','14:00:00','1회차','available','2025-06-09 09:29:13'),(471,6,'2025-09-07','20:00:00','2회차','available','2025-06-09 09:29:13'),(472,6,'2025-09-09','20:00:00','1회차','available','2025-06-09 09:29:13'),(473,6,'2025-09-11','20:00:00','1회차','available','2025-06-09 09:29:13'),(474,6,'2025-09-12','20:00:00','1회차','available','2025-06-09 09:29:13'),(475,6,'2025-09-13','14:00:00','1회차','available','2025-06-09 09:29:13'),(476,6,'2025-09-13','20:00:00','2회차','available','2025-06-09 09:29:13'),(477,6,'2025-09-14','14:00:00','1회차','available','2025-06-09 09:29:13'),(478,6,'2025-09-14','20:00:00','2회차','available','2025-06-09 09:29:13'),(479,6,'2025-09-16','20:00:00','1회차','available','2025-06-09 09:29:13'),(480,6,'2025-09-18','20:00:00','1회차','available','2025-06-09 09:29:13'),(481,6,'2025-09-19','20:00:00','1회차','available','2025-06-09 09:29:13'),(482,6,'2025-09-20','14:00:00','1회차','available','2025-06-09 09:29:13'),(483,6,'2025-09-20','20:00:00','2회차','available','2025-06-09 09:29:13'),(484,6,'2025-09-21','14:00:00','1회차','available','2025-06-09 09:29:13'),(485,6,'2025-09-21','20:00:00','2회차','available','2025-06-09 09:29:13'),(486,6,'2025-09-23','20:00:00','1회차','available','2025-06-09 09:29:13'),(487,6,'2025-09-25','20:00:00','1회차','available','2025-06-09 09:29:13'),(488,6,'2025-09-26','20:00:00','1회차','available','2025-06-09 09:29:13'),(489,6,'2025-09-27','14:00:00','1회차','available','2025-06-09 09:29:13'),(490,6,'2025-09-27','20:00:00','2회차','available','2025-06-09 09:29:13'),(491,6,'2025-09-28','14:00:00','1회차','available','2025-06-09 09:29:13'),(492,6,'2025-09-28','20:00:00','2회차','available','2025-06-09 09:29:13'),(493,6,'2025-09-30','20:00:00','1회차','available','2025-06-09 09:29:13'),(494,6,'2025-10-02','20:00:00','1회차','available','2025-06-09 09:29:13'),(495,6,'2025-10-03','20:00:00','1회차','available','2025-06-09 09:29:13'),(496,6,'2025-10-04','14:00:00','1회차','available','2025-06-09 09:29:13'),(497,6,'2025-10-04','20:00:00','2회차','available','2025-06-09 09:29:13'),(498,6,'2025-10-05','14:00:00','1회차','available','2025-06-09 09:29:13'),(499,6,'2025-10-05','20:00:00','2회차','available','2025-06-09 09:29:13'),(500,6,'2025-10-07','20:00:00','1회차','available','2025-06-09 09:29:13'),(501,6,'2025-10-09','20:00:00','1회차','available','2025-06-09 09:29:13'),(502,6,'2025-10-10','20:00:00','1회차','available','2025-06-09 09:29:13'),(503,6,'2025-10-11','14:00:00','1회차','available','2025-06-09 09:29:13'),(504,6,'2025-10-11','20:00:00','2회차','available','2025-06-09 09:29:13'),(505,6,'2025-10-12','14:00:00','1회차','available','2025-06-09 09:29:13'),(506,6,'2025-10-12','20:00:00','2회차','available','2025-06-09 09:29:13'),(507,6,'2025-10-14','20:00:00','1회차','available','2025-06-09 09:29:13'),(508,6,'2025-10-16','20:00:00','1회차','available','2025-06-09 09:29:13'),(509,6,'2025-10-17','20:00:00','1회차','available','2025-06-09 09:29:13'),(510,6,'2025-10-18','14:00:00','1회차','available','2025-06-09 09:29:13'),(511,6,'2025-10-18','20:00:00','2회차','available','2025-06-09 09:29:13'),(512,6,'2025-10-19','14:00:00','1회차','available','2025-06-09 09:29:13'),(513,6,'2025-10-19','20:00:00','2회차','available','2025-06-09 09:29:13'),(514,6,'2025-10-21','20:00:00','1회차','available','2025-06-09 09:29:13'),(515,6,'2025-10-23','20:00:00','1회차','available','2025-06-09 09:29:13'),(516,6,'2025-10-24','20:00:00','1회차','available','2025-06-09 09:29:13'),(517,6,'2025-10-25','14:00:00','1회차','available','2025-06-09 09:29:13'),(518,6,'2025-10-25','20:00:00','2회차','available','2025-06-09 09:29:13'),(519,6,'2025-10-26','14:00:00','1회차','available','2025-06-09 09:29:13'),(520,6,'2025-10-26','20:00:00','2회차','available','2025-06-09 09:29:13'),(521,6,'2025-10-28','20:00:00','1회차','available','2025-06-09 09:29:13'),(522,6,'2025-10-30','20:00:00','1회차','available','2025-06-09 09:29:13'),(523,2,'2025-06-06','20:00:00','1회차','available','2025-06-09 09:31:04'),(524,2,'2025-06-10','20:00:00','1회차','available','2025-06-09 09:31:04'),(525,2,'2025-06-12','20:00:00','1회차','available','2025-06-09 09:31:04'),(526,2,'2025-06-13','20:00:00','1회차','available','2025-06-09 09:31:04'),(527,2,'2025-06-17','20:00:00','1회차','available','2025-06-09 09:31:04'),(528,2,'2025-06-19','20:00:00','1회차','available','2025-06-09 09:31:04'),(529,2,'2025-06-20','20:00:00','1회차','available','2025-06-09 09:31:04'),(530,2,'2025-06-24','20:00:00','1회차','available','2025-06-09 09:31:04'),(531,2,'2025-06-26','20:00:00','1회차','available','2025-06-09 09:31:04'),(532,2,'2025-06-27','20:00:00','1회차','available','2025-06-09 09:31:04'),(533,2,'2025-07-01','20:00:00','1회차','available','2025-06-09 09:31:04'),(534,2,'2025-07-03','20:00:00','1회차','available','2025-06-09 09:31:04'),(535,2,'2025-07-04','20:00:00','1회차','available','2025-06-09 09:31:04'),(536,2,'2025-07-08','20:00:00','1회차','available','2025-06-09 09:31:04'),(537,2,'2025-07-10','20:00:00','1회차','available','2025-06-09 09:31:04'),(538,2,'2025-07-11','20:00:00','1회차','available','2025-06-09 09:31:04'),(539,2,'2025-07-15','20:00:00','1회차','available','2025-06-09 09:31:04'),(540,2,'2025-07-17','20:00:00','1회차','available','2025-06-09 09:31:04'),(541,2,'2025-07-18','20:00:00','1회차','available','2025-06-09 09:31:04'),(542,2,'2025-07-22','20:00:00','1회차','available','2025-06-09 09:31:04'),(543,2,'2025-07-24','20:00:00','1회차','available','2025-06-09 09:31:04'),(544,2,'2025-07-25','20:00:00','1회차','available','2025-06-09 09:31:04'),(545,2,'2025-07-29','20:00:00','1회차','available','2025-06-09 09:31:04'),(546,2,'2025-07-31','20:00:00','1회차','available','2025-06-09 09:31:04'),(547,2,'2025-08-01','20:00:00','1회차','available','2025-06-09 09:31:04'),(548,2,'2025-08-05','20:00:00','1회차','available','2025-06-09 09:31:04'),(549,2,'2025-08-07','20:00:00','1회차','available','2025-06-09 09:31:04'),(550,2,'2025-08-08','20:00:00','1회차','available','2025-06-09 09:31:04'),(551,2,'2025-08-12','20:00:00','1회차','available','2025-06-09 09:31:04'),(552,2,'2025-08-14','20:00:00','1회차','available','2025-06-09 09:31:04'),(553,2,'2025-08-15','20:00:00','1회차','available','2025-06-09 09:31:04'),(554,2,'2025-08-19','20:00:00','1회차','available','2025-06-09 09:31:04'),(555,2,'2025-08-21','20:00:00','1회차','available','2025-06-09 09:31:04'),(556,2,'2025-08-22','20:00:00','1회차','available','2025-06-09 09:31:04'),(557,2,'2025-08-26','20:00:00','1회차','available','2025-06-09 09:31:04'),(558,2,'2025-08-28','20:00:00','1회차','available','2025-06-09 09:31:04'),(559,2,'2025-08-29','20:00:00','1회차','available','2025-06-09 09:31:04'),(560,2,'2025-09-02','20:00:00','1회차','available','2025-06-09 09:31:04'),(561,2,'2025-09-04','20:00:00','1회차','available','2025-06-09 09:31:04'),(562,2,'2025-09-05','20:00:00','1회차','available','2025-06-09 09:31:04'),(563,2,'2025-09-09','20:00:00','1회차','available','2025-06-09 09:31:04'),(564,2,'2025-09-11','20:00:00','1회차','available','2025-06-09 09:31:04'),(565,2,'2025-09-12','20:00:00','1회차','available','2025-06-09 09:31:04'),(566,2,'2025-09-16','20:00:00','1회차','available','2025-06-09 09:31:04'),(567,2,'2025-09-18','20:00:00','1회차','available','2025-06-09 09:31:04'),(568,2,'2025-09-19','20:00:00','1회차','available','2025-06-09 09:31:04'),(569,2,'2025-09-23','20:00:00','1회차','available','2025-06-09 09:31:04'),(570,2,'2025-06-11','20:00:00','2회차','available','2025-06-09 09:31:04'),(571,2,'2025-06-11','16:00:00','1회차','available','2025-06-09 09:31:04'),(572,2,'2025-06-18','20:00:00','2회차','available','2025-06-09 09:31:04'),(573,2,'2025-06-18','16:00:00','1회차','available','2025-06-09 09:31:04'),(574,2,'2025-06-25','20:00:00','2회차','available','2025-06-09 09:31:04'),(575,2,'2025-06-25','16:00:00','1회차','available','2025-06-09 09:31:04'),(576,2,'2025-07-02','20:00:00','2회차','available','2025-06-09 09:31:04'),(577,2,'2025-07-02','16:00:00','1회차','available','2025-06-09 09:31:04'),(578,2,'2025-07-09','20:00:00','2회차','available','2025-06-09 09:31:04'),(579,2,'2025-07-09','16:00:00','1회차','available','2025-06-09 09:31:04'),(580,2,'2025-07-16','20:00:00','2회차','available','2025-06-09 09:31:04'),(581,2,'2025-07-16','16:00:00','1회차','available','2025-06-09 09:31:04'),(582,2,'2025-07-23','20:00:00','2회차','available','2025-06-09 09:31:04'),(583,2,'2025-07-23','16:00:00','1회차','available','2025-06-09 09:31:04'),(584,2,'2025-07-30','20:00:00','2회차','available','2025-06-09 09:31:04'),(585,2,'2025-07-30','16:00:00','1회차','available','2025-06-09 09:31:04'),(586,2,'2025-08-06','20:00:00','2회차','available','2025-06-09 09:31:04'),(587,2,'2025-08-06','16:00:00','1회차','available','2025-06-09 09:31:04'),(588,2,'2025-08-13','20:00:00','2회차','available','2025-06-09 09:31:04'),(589,2,'2025-08-13','16:00:00','1회차','available','2025-06-09 09:31:04'),(590,2,'2025-08-20','20:00:00','2회차','available','2025-06-09 09:31:04'),(591,2,'2025-08-20','16:00:00','1회차','available','2025-06-09 09:31:04'),(592,2,'2025-08-27','20:00:00','2회차','available','2025-06-09 09:31:04'),(593,2,'2025-08-27','16:00:00','1회차','available','2025-06-09 09:31:04'),(594,2,'2025-09-03','20:00:00','2회차','available','2025-06-09 09:31:04'),(595,2,'2025-09-03','16:00:00','1회차','available','2025-06-09 09:31:04'),(596,2,'2025-09-10','20:00:00','2회차','available','2025-06-09 09:31:04'),(597,2,'2025-09-10','16:00:00','1회차','available','2025-06-09 09:31:04'),(598,2,'2025-09-17','20:00:00','2회차','available','2025-06-09 09:31:04'),(599,2,'2025-09-17','16:00:00','1회차','available','2025-06-09 09:31:04'),(600,2,'2025-06-07','19:00:00','2회차','available','2025-06-09 09:31:04'),(601,2,'2025-06-07','15:00:00','1회차','available','2025-06-09 09:31:04'),(602,2,'2025-06-08','19:00:00','2회차','available','2025-06-09 09:31:04'),(603,2,'2025-06-08','15:00:00','1회차','available','2025-06-09 09:31:04'),(604,2,'2025-06-14','19:00:00','2회차','available','2025-06-09 09:31:04'),(605,2,'2025-06-14','15:00:00','1회차','available','2025-06-09 09:31:04'),(606,2,'2025-06-15','19:00:00','2회차','available','2025-06-09 09:31:04'),(607,2,'2025-06-15','15:00:00','1회차','available','2025-06-09 09:31:04'),(608,2,'2025-06-21','19:00:00','2회차','available','2025-06-09 09:31:04'),(609,2,'2025-06-21','15:00:00','1회차','available','2025-06-09 09:31:04'),(610,2,'2025-06-22','19:00:00','2회차','available','2025-06-09 09:31:04'),(611,2,'2025-06-22','15:00:00','1회차','available','2025-06-09 09:31:04'),(612,2,'2025-06-28','19:00:00','2회차','available','2025-06-09 09:31:04'),(613,2,'2025-06-28','15:00:00','1회차','available','2025-06-09 09:31:04'),(614,2,'2025-06-29','19:00:00','2회차','available','2025-06-09 09:31:04'),(615,2,'2025-06-29','15:00:00','1회차','available','2025-06-09 09:31:04'),(616,2,'2025-07-05','19:00:00','2회차','available','2025-06-09 09:31:04'),(617,2,'2025-07-05','15:00:00','1회차','available','2025-06-09 09:31:04'),(618,2,'2025-07-06','19:00:00','2회차','available','2025-06-09 09:31:04'),(619,2,'2025-07-06','15:00:00','1회차','available','2025-06-09 09:31:04'),(620,2,'2025-07-12','19:00:00','2회차','available','2025-06-09 09:31:04'),(621,2,'2025-07-12','15:00:00','1회차','available','2025-06-09 09:31:04'),(622,2,'2025-07-13','19:00:00','2회차','available','2025-06-09 09:31:04'),(623,2,'2025-07-13','15:00:00','1회차','available','2025-06-09 09:31:04'),(624,2,'2025-07-19','19:00:00','2회차','available','2025-06-09 09:31:04'),(625,2,'2025-07-19','15:00:00','1회차','available','2025-06-09 09:31:04'),(626,2,'2025-07-20','19:00:00','2회차','available','2025-06-09 09:31:04'),(627,2,'2025-07-20','15:00:00','1회차','available','2025-06-09 09:31:04'),(628,2,'2025-07-26','19:00:00','2회차','available','2025-06-09 09:31:04'),(629,2,'2025-07-26','15:00:00','1회차','available','2025-06-09 09:31:04'),(630,2,'2025-07-27','19:00:00','2회차','available','2025-06-09 09:31:04'),(631,2,'2025-07-27','15:00:00','1회차','available','2025-06-09 09:31:04'),(632,2,'2025-08-02','19:00:00','2회차','available','2025-06-09 09:31:04'),(633,2,'2025-08-02','15:00:00','1회차','available','2025-06-09 09:31:04'),(634,2,'2025-08-03','19:00:00','2회차','available','2025-06-09 09:31:04'),(635,2,'2025-08-03','15:00:00','1회차','available','2025-06-09 09:31:04'),(636,2,'2025-08-09','19:00:00','2회차','available','2025-06-09 09:31:04'),(637,2,'2025-08-09','15:00:00','1회차','available','2025-06-09 09:31:04'),(638,2,'2025-08-10','19:00:00','2회차','available','2025-06-09 09:31:04'),(639,2,'2025-08-10','15:00:00','1회차','available','2025-06-09 09:31:04'),(640,2,'2025-08-16','19:00:00','2회차','available','2025-06-09 09:31:04'),(641,2,'2025-08-16','15:00:00','1회차','available','2025-06-09 09:31:04'),(642,2,'2025-08-17','19:00:00','2회차','available','2025-06-09 09:31:04'),(643,2,'2025-08-17','15:00:00','1회차','available','2025-06-09 09:31:04'),(644,2,'2025-08-23','19:00:00','2회차','available','2025-06-09 09:31:04'),(645,2,'2025-08-23','15:00:00','1회차','available','2025-06-09 09:31:04'),(646,2,'2025-08-24','19:00:00','2회차','available','2025-06-09 09:31:04'),(647,2,'2025-08-24','15:00:00','1회차','available','2025-06-09 09:31:04'),(648,2,'2025-08-30','19:00:00','2회차','available','2025-06-09 09:31:04'),(649,2,'2025-08-30','15:00:00','1회차','available','2025-06-09 09:31:04'),(650,2,'2025-08-31','19:00:00','2회차','available','2025-06-09 09:31:04'),(651,2,'2025-08-31','15:00:00','1회차','available','2025-06-09 09:31:04'),(652,2,'2025-09-06','19:00:00','2회차','available','2025-06-09 09:31:04'),(653,2,'2025-09-06','15:00:00','1회차','available','2025-06-09 09:31:04'),(654,2,'2025-09-07','19:00:00','2회차','available','2025-06-09 09:31:04'),(655,2,'2025-09-07','15:00:00','1회차','available','2025-06-09 09:31:04'),(656,2,'2025-09-13','19:00:00','2회차','available','2025-06-09 09:31:04'),(657,2,'2025-09-13','15:00:00','1회차','available','2025-06-09 09:31:04'),(658,2,'2025-09-14','19:00:00','2회차','available','2025-06-09 09:31:04'),(659,2,'2025-09-14','15:00:00','1회차','available','2025-06-09 09:31:04'),(660,2,'2025-09-20','19:00:00','2회차','available','2025-06-09 09:31:04'),(661,2,'2025-09-20','15:00:00','1회차','available','2025-06-09 09:31:04'),(662,2,'2025-09-21','19:00:00','2회차','available','2025-06-09 09:31:04'),(663,2,'2025-09-21','15:00:00','1회차','available','2025-06-09 09:31:04'),(684,7,'2025-06-14','15:00:00','1회차','available','2025-06-10 16:09:29'),(685,7,'2025-06-14','19:00:00','2회차','available','2025-06-10 16:09:29'),(686,7,'2025-06-15','15:00:00','1회차','available','2025-06-10 16:09:29'),(687,7,'2025-06-15','19:00:00','2회차','available','2025-06-10 16:09:29'),(688,7,'2025-06-21','15:00:00','1회차','available','2025-06-10 16:09:29'),(689,7,'2025-06-21','19:00:00','2회차','available','2025-06-10 16:09:29'),(690,7,'2025-06-22','15:00:00','1회차','available','2025-06-10 16:09:29'),(691,7,'2025-06-22','19:00:00','2회차','available','2025-06-10 16:09:29'),(692,7,'2025-06-28','15:00:00','1회차','available','2025-06-10 16:09:29'),(693,7,'2025-06-28','19:00:00','2회차','available','2025-06-10 16:09:29'),(694,7,'2025-06-29','15:00:00','1회차','available','2025-06-10 16:09:29'),(695,7,'2025-06-29','19:00:00','2회차','available','2025-06-10 16:09:29'),(696,7,'2025-07-05','15:00:00','1회차','available','2025-06-10 16:09:29'),(697,7,'2025-07-05','19:00:00','2회차','available','2025-06-10 16:09:29'),(698,7,'2025-07-06','15:00:00','1회차','available','2025-06-10 16:09:29'),(699,7,'2025-07-06','19:00:00','2회차','available','2025-06-10 16:09:29'),(700,7,'2025-07-12','15:00:00','1회차','available','2025-06-10 16:09:29'),(701,7,'2025-07-12','19:00:00','2회차','available','2025-06-10 16:09:29'),(702,7,'2025-07-13','15:00:00','1회차','available','2025-06-10 16:09:29'),(703,7,'2025-07-13','19:00:00','2회차','available','2025-06-10 16:09:29'),(704,7,'2025-06-12','20:00:00','1회차','available','2025-06-10 16:09:29'),(705,7,'2025-06-13','20:00:00','1회차','available','2025-06-10 16:09:29'),(706,7,'2025-06-17','20:00:00','1회차','available','2025-06-10 16:09:29'),(707,7,'2025-06-18','20:00:00','1회차','available','2025-06-10 16:09:29'),(708,7,'2025-06-19','20:00:00','1회차','available','2025-06-10 16:09:29'),(709,7,'2025-06-20','20:00:00','1회차','available','2025-06-10 16:09:29'),(710,7,'2025-06-24','20:00:00','1회차','available','2025-06-10 16:09:29'),(711,7,'2025-06-25','20:00:00','1회차','available','2025-06-10 16:09:29'),(712,7,'2025-06-26','20:00:00','1회차','available','2025-06-10 16:09:29'),(713,7,'2025-06-27','20:00:00','1회차','available','2025-06-10 16:09:29'),(714,7,'2025-07-01','20:00:00','1회차','available','2025-06-10 16:09:29'),(715,7,'2025-07-02','20:00:00','1회차','available','2025-06-10 16:09:29'),(716,7,'2025-07-03','20:00:00','1회차','available','2025-06-10 16:09:29'),(717,7,'2025-07-04','20:00:00','1회차','available','2025-06-10 16:09:29'),(718,7,'2025-07-08','20:00:00','1회차','available','2025-06-10 16:09:29'),(719,7,'2025-07-09','20:00:00','1회차','available','2025-06-10 16:09:29'),(720,7,'2025-07-10','20:00:00','1회차','available','2025-06-10 16:09:29'),(721,7,'2025-07-11','20:00:00','1회차','available','2025-06-10 16:09:29'),(722,7,'2025-07-15','20:00:00','1회차','available','2025-06-10 16:09:29'),(723,7,'2025-07-16','20:00:00','1회차','available','2025-06-10 16:09:29'),(724,7,'2025-07-17','20:00:00','1회차','available','2025-06-10 16:09:29'),(726,8,'2022-09-07','20:00:00','1회차','available','2025-06-10 16:15:57'),(727,8,'2022-09-08','20:00:00','1회차','available','2025-06-10 16:15:57'),(728,8,'2022-09-09','20:00:00','1회차','available','2025-06-10 16:15:57'),(729,8,'2022-09-13','20:00:00','1회차','available','2025-06-10 16:15:57'),(730,8,'2022-09-14','20:00:00','1회차','available','2025-06-10 16:15:57'),(731,8,'2022-09-15','20:00:00','1회차','available','2025-06-10 16:15:57'),(732,8,'2022-09-16','20:00:00','1회차','available','2025-06-10 16:15:57'),(733,8,'2022-09-20','20:00:00','1회차','available','2025-06-10 16:15:57'),(734,8,'2022-09-21','20:00:00','1회차','available','2025-06-10 16:15:57'),(735,8,'2022-09-22','20:00:00','1회차','available','2025-06-10 16:15:57'),(736,8,'2022-09-23','20:00:00','1회차','available','2025-06-10 16:15:57'),(737,8,'2022-09-27','20:00:00','1회차','available','2025-06-10 16:15:57'),(738,8,'2022-09-28','20:00:00','1회차','available','2025-06-10 16:15:57'),(739,8,'2022-09-29','20:00:00','1회차','available','2025-06-10 16:15:57'),(740,8,'2022-09-30','20:00:00','1회차','available','2025-06-10 16:15:57'),(741,8,'2022-10-04','20:00:00','1회차','available','2025-06-10 16:15:57'),(742,8,'2022-10-05','20:00:00','1회차','available','2025-06-10 16:15:57'),(743,8,'2022-10-06','20:00:00','1회차','available','2025-06-10 16:15:57'),(744,8,'2022-10-07','20:00:00','1회차','available','2025-06-10 16:15:57'),(745,8,'2022-10-11','20:00:00','1회차','available','2025-06-10 16:15:57'),(746,8,'2022-10-12','20:00:00','1회차','available','2025-06-10 16:15:57'),(747,8,'2022-10-13','20:00:00','1회차','available','2025-06-10 16:15:57'),(748,8,'2022-10-14','20:00:00','1회차','available','2025-06-10 16:15:57'),(749,8,'2022-10-18','20:00:00','1회차','available','2025-06-10 16:15:57'),(750,8,'2022-10-19','20:00:00','1회차','available','2025-06-10 16:15:57'),(751,8,'2022-10-20','20:00:00','1회차','available','2025-06-10 16:15:57'),(752,8,'2022-10-21','20:00:00','1회차','available','2025-06-10 16:15:57'),(753,8,'2022-10-25','20:00:00','1회차','available','2025-06-10 16:15:57'),(754,8,'2022-10-26','20:00:00','1회차','available','2025-06-10 16:15:57'),(755,8,'2022-10-27','20:00:00','1회차','available','2025-06-10 16:15:57'),(756,8,'2022-10-28','20:00:00','1회차','available','2025-06-10 16:15:57'),(757,8,'2022-11-01','20:00:00','1회차','available','2025-06-10 16:15:57'),(758,8,'2022-11-02','20:00:00','1회차','available','2025-06-10 16:15:57'),(759,8,'2022-11-03','20:00:00','1회차','available','2025-06-10 16:15:57'),(760,8,'2022-11-04','20:00:00','1회차','available','2025-06-10 16:15:57'),(761,8,'2022-11-08','20:00:00','1회차','available','2025-06-10 16:15:57'),(762,8,'2022-11-09','20:00:00','1회차','available','2025-06-10 16:15:57'),(763,8,'2022-11-10','20:00:00','1회차','available','2025-06-10 16:15:57'),(764,8,'2022-11-11','20:00:00','1회차','available','2025-06-10 16:15:57'),(765,8,'2022-09-04','15:00:00','1회차','available','2025-06-10 16:15:57'),(766,8,'2022-09-04','20:00:00','2회차','available','2025-06-10 16:15:57'),(767,8,'2022-09-10','15:00:00','1회차','available','2025-06-10 16:15:57'),(768,8,'2022-09-10','20:00:00','2회차','available','2025-06-10 16:15:57'),(769,8,'2022-09-11','15:00:00','1회차','available','2025-06-10 16:15:57'),(770,8,'2022-09-11','20:00:00','2회차','available','2025-06-10 16:15:57'),(771,8,'2022-09-17','15:00:00','1회차','available','2025-06-10 16:15:57'),(772,8,'2022-09-17','20:00:00','2회차','available','2025-06-10 16:15:57'),(773,8,'2022-09-18','15:00:00','1회차','available','2025-06-10 16:15:57'),(774,8,'2022-09-18','20:00:00','2회차','available','2025-06-10 16:15:57'),(775,8,'2022-09-24','15:00:00','1회차','available','2025-06-10 16:15:57'),(776,8,'2022-09-24','20:00:00','2회차','available','2025-06-10 16:15:57'),(777,8,'2022-09-25','15:00:00','1회차','available','2025-06-10 16:15:57'),(778,8,'2022-09-25','20:00:00','2회차','available','2025-06-10 16:15:57'),(779,8,'2022-10-01','15:00:00','1회차','available','2025-06-10 16:15:57'),(780,8,'2022-10-01','20:00:00','2회차','available','2025-06-10 16:15:57'),(781,8,'2022-10-02','15:00:00','1회차','available','2025-06-10 16:15:57'),(782,8,'2022-10-02','20:00:00','2회차','available','2025-06-10 16:15:57'),(783,8,'2022-10-08','15:00:00','1회차','available','2025-06-10 16:15:57'),(784,8,'2022-10-08','20:00:00','2회차','available','2025-06-10 16:15:57'),(785,8,'2022-10-09','15:00:00','1회차','available','2025-06-10 16:15:57'),(786,8,'2022-10-09','20:00:00','2회차','available','2025-06-10 16:15:57'),(787,8,'2022-10-15','15:00:00','1회차','available','2025-06-10 16:15:57'),(788,8,'2022-10-15','20:00:00','2회차','available','2025-06-10 16:15:57'),(789,8,'2022-10-16','15:00:00','1회차','available','2025-06-10 16:15:57'),(790,8,'2022-10-16','20:00:00','2회차','available','2025-06-10 16:15:57'),(791,8,'2022-10-22','15:00:00','1회차','available','2025-06-10 16:15:57'),(792,8,'2022-10-22','20:00:00','2회차','available','2025-06-10 16:15:57'),(793,8,'2022-10-23','15:00:00','1회차','available','2025-06-10 16:15:57'),(794,8,'2022-10-23','20:00:00','2회차','available','2025-06-10 16:15:57'),(795,8,'2022-10-29','15:00:00','1회차','available','2025-06-10 16:15:57'),(796,8,'2022-10-29','20:00:00','2회차','available','2025-06-10 16:15:57'),(797,8,'2022-10-30','15:00:00','1회차','available','2025-06-10 16:15:57'),(798,8,'2022-10-30','20:00:00','2회차','available','2025-06-10 16:15:57'),(799,8,'2022-11-05','15:00:00','1회차','available','2025-06-10 16:15:57'),(800,8,'2022-11-05','20:00:00','2회차','available','2025-06-10 16:15:57'),(801,8,'2022-11-06','15:00:00','1회차','available','2025-06-10 16:15:57'),(802,8,'2022-11-06','20:00:00','2회차','available','2025-06-10 16:15:57'),(803,8,'2022-11-12','15:00:00','1회차','available','2025-06-10 16:15:57'),(804,8,'2022-11-12','20:00:00','2회차','available','2025-06-10 16:15:57'),(805,8,'2022-11-13','15:00:00','1회차','available','2025-06-10 16:15:57'),(806,8,'2022-11-13','20:00:00','2회차','available','2025-06-10 16:15:57'),(807,9,'2025-06-11','19:30:00','1회차','available','2025-06-10 16:26:17'),(808,12,'2025-07-09','19:30:00','1회차','available','2025-06-10 16:45:19'),(809,12,'2025-07-10','19:30:00','1회차','available','2025-06-10 16:45:19'),(810,12,'2025-07-11','19:30:00','1회차','available','2025-06-10 16:45:19'),(811,12,'2025-07-12','19:30:00','1회차','available','2025-06-10 16:45:19'),(812,12,'2025-07-13','19:30:00','1회차','available','2025-06-10 16:45:19'),(813,12,'2025-07-15','19:30:00','1회차','available','2025-06-10 16:45:19'),(814,12,'2025-07-16','19:30:00','1회차','available','2025-06-10 16:45:19'),(815,12,'2025-07-17','19:30:00','1회차','available','2025-06-10 16:45:19'),(816,12,'2025-07-18','19:30:00','1회차','available','2025-06-10 16:45:19'),(817,12,'2025-07-19','19:30:00','1회차','available','2025-06-10 16:45:19'),(818,12,'2025-07-20','19:30:00','1회차','available','2025-06-10 16:45:19'),(819,12,'2025-07-22','19:30:00','1회차','available','2025-06-10 16:45:19'),(820,12,'2025-07-23','19:30:00','1회차','available','2025-06-10 16:45:19'),(821,12,'2025-07-24','19:30:00','1회차','available','2025-06-10 16:45:19'),(822,12,'2025-07-25','19:30:00','1회차','available','2025-06-10 16:45:19'),(823,12,'2025-07-26','19:30:00','1회차','available','2025-06-10 16:45:19'),(824,12,'2025-07-27','19:30:00','1회차','available','2025-06-10 16:45:19'),(825,12,'2025-07-29','19:30:00','1회차','available','2025-06-10 16:45:19'),(826,12,'2025-07-30','19:30:00','1회차','available','2025-06-10 16:45:19'),(827,12,'2025-07-31','19:30:00','1회차','available','2025-06-10 16:45:19'),(828,12,'2025-08-01','19:30:00','1회차','available','2025-06-10 16:45:19'),(829,12,'2025-08-02','19:30:00','1회차','available','2025-06-10 16:45:19'),(830,12,'2025-08-03','19:30:00','1회차','available','2025-06-10 16:45:19'),(831,12,'2025-08-05','19:30:00','1회차','available','2025-06-10 16:45:19'),(832,12,'2025-08-06','19:30:00','1회차','available','2025-06-10 16:45:19'),(833,12,'2025-08-07','19:30:00','1회차','available','2025-06-10 16:45:19'),(834,12,'2025-08-08','19:30:00','1회차','available','2025-06-10 16:45:19'),(835,12,'2025-08-09','19:30:00','1회차','available','2025-06-10 16:45:19'),(836,12,'2025-08-10','19:30:00','1회차','available','2025-06-10 16:45:19'),(837,12,'2025-08-12','19:30:00','1회차','available','2025-06-10 16:45:19'),(838,12,'2025-08-13','19:30:00','1회차','available','2025-06-10 16:45:19'),(839,12,'2025-08-14','19:30:00','1회차','available','2025-06-10 16:45:19'),(840,12,'2025-08-15','19:30:00','1회차','available','2025-06-10 16:45:19'),(841,12,'2025-08-16','19:30:00','1회차','available','2025-06-10 16:45:19'),(842,12,'2025-08-17','19:30:00','1회차','available','2025-06-10 16:45:19'),(843,12,'2025-08-19','19:30:00','1회차','available','2025-06-10 16:45:19'),(844,12,'2025-08-20','19:30:00','1회차','available','2025-06-10 16:45:19'),(845,12,'2025-08-21','19:30:00','1회차','available','2025-06-10 16:45:19'),(846,12,'2025-08-22','19:30:00','1회차','available','2025-06-10 16:45:19'),(847,12,'2025-08-23','19:30:00','1회차','available','2025-06-10 16:45:19'),(848,12,'2025-08-24','19:30:00','1회차','available','2025-06-10 16:45:19'),(849,12,'2025-08-26','19:30:00','1회차','available','2025-06-10 16:45:19'),(850,12,'2025-08-27','19:30:00','1회차','available','2025-06-10 16:45:19'),(851,12,'2025-08-28','19:30:00','1회차','available','2025-06-10 16:45:19'),(852,12,'2025-08-29','19:30:00','1회차','available','2025-06-10 16:45:19'),(853,12,'2025-08-30','19:30:00','1회차','available','2025-06-10 16:45:19'),(854,12,'2025-08-31','19:30:00','1회차','available','2025-06-10 16:45:19'),(855,12,'2025-09-02','19:30:00','1회차','available','2025-06-10 16:45:19'),(856,12,'2025-09-03','19:30:00','1회차','available','2025-06-10 16:45:19'),(857,12,'2025-09-04','19:30:00','1회차','available','2025-06-10 16:45:19'),(858,12,'2025-09-05','19:30:00','1회차','available','2025-06-10 16:45:19'),(859,12,'2025-09-06','19:30:00','1회차','available','2025-06-10 16:45:19'),(860,12,'2025-09-07','19:30:00','1회차','available','2025-06-10 16:45:19'),(861,12,'2025-09-09','19:30:00','1회차','available','2025-06-10 16:45:19'),(862,12,'2025-09-10','19:30:00','1회차','available','2025-06-10 16:45:19'),(863,12,'2025-09-11','19:30:00','1회차','available','2025-06-10 16:45:19'),(864,12,'2025-09-12','19:30:00','1회차','available','2025-06-10 16:45:19'),(865,12,'2025-09-13','19:30:00','1회차','available','2025-06-10 16:45:19'),(866,12,'2025-09-14','19:30:00','1회차','available','2025-06-10 16:45:19'),(867,12,'2025-09-16','19:30:00','1회차','available','2025-06-10 16:45:19'),(868,12,'2025-09-17','19:30:00','1회차','available','2025-06-10 16:45:19'),(869,12,'2025-09-18','19:30:00','1회차','available','2025-06-10 16:45:19'),(870,12,'2025-09-19','19:30:00','1회차','available','2025-06-10 16:45:19'),(871,12,'2025-09-20','19:30:00','1회차','available','2025-06-10 16:45:19'),(872,12,'2025-09-21','19:30:00','1회차','available','2025-06-10 16:45:19'),(873,12,'2025-09-23','19:30:00','1회차','available','2025-06-10 16:45:19'),(874,12,'2025-09-24','19:30:00','1회차','available','2025-06-10 16:45:19'),(875,12,'2025-09-25','19:30:00','1회차','available','2025-06-10 16:45:19'),(876,12,'2025-09-26','19:30:00','1회차','available','2025-06-10 16:45:19'),(877,12,'2025-09-27','19:30:00','1회차','available','2025-06-10 16:45:19'),(878,12,'2025-09-28','19:30:00','1회차','available','2025-06-10 16:45:19'),(879,12,'2025-09-30','19:30:00','1회차','available','2025-06-10 16:45:19'),(880,12,'2025-10-01','19:30:00','1회차','available','2025-06-10 16:45:19'),(881,12,'2025-10-02','19:30:00','1회차','available','2025-06-10 16:45:19'),(882,12,'2025-10-03','19:30:00','1회차','available','2025-06-10 16:45:19'),(883,12,'2025-10-04','19:30:00','1회차','available','2025-06-10 16:45:19'),(884,12,'2025-10-05','19:30:00','1회차','available','2025-06-10 16:45:19'),(885,12,'2025-10-07','19:30:00','1회차','available','2025-06-10 16:45:19'),(886,12,'2025-10-08','19:30:00','1회차','available','2025-06-10 16:45:19'),(887,12,'2025-10-09','19:30:00','1회차','available','2025-06-10 16:45:19'),(888,13,'2025-07-09','19:30:00','1회차','available','2025-06-10 16:45:47'),(889,13,'2025-07-10','19:30:00','1회차','available','2025-06-10 16:45:47'),(890,13,'2025-07-11','19:30:00','1회차','available','2025-06-10 16:45:47'),(891,13,'2025-07-12','19:30:00','1회차','available','2025-06-10 16:45:47'),(892,13,'2025-07-13','19:30:00','1회차','available','2025-06-10 16:45:47'),(893,13,'2025-07-15','19:30:00','1회차','available','2025-06-10 16:45:47'),(894,13,'2025-07-16','19:30:00','1회차','available','2025-06-10 16:45:47'),(895,13,'2025-07-17','19:30:00','1회차','available','2025-06-10 16:45:47'),(896,13,'2025-07-18','19:30:00','1회차','available','2025-06-10 16:45:47'),(897,13,'2025-07-19','19:30:00','1회차','available','2025-06-10 16:45:47'),(898,13,'2025-07-20','19:30:00','1회차','available','2025-06-10 16:45:47'),(899,13,'2025-07-22','19:30:00','1회차','available','2025-06-10 16:45:47'),(900,13,'2025-07-23','19:30:00','1회차','available','2025-06-10 16:45:47'),(901,13,'2025-07-24','19:30:00','1회차','available','2025-06-10 16:45:47'),(902,13,'2025-07-25','19:30:00','1회차','available','2025-06-10 16:45:47'),(903,13,'2025-07-26','19:30:00','1회차','available','2025-06-10 16:45:47'),(904,13,'2025-07-27','19:30:00','1회차','available','2025-06-10 16:45:47'),(905,13,'2025-07-29','19:30:00','1회차','available','2025-06-10 16:45:47'),(906,13,'2025-07-30','19:30:00','1회차','available','2025-06-10 16:45:47'),(907,13,'2025-07-31','19:30:00','1회차','available','2025-06-10 16:45:47'),(908,13,'2025-08-01','19:30:00','1회차','available','2025-06-10 16:45:47'),(909,13,'2025-08-02','19:30:00','1회차','available','2025-06-10 16:45:47'),(910,13,'2025-08-03','19:30:00','1회차','available','2025-06-10 16:45:47'),(911,13,'2025-08-05','19:30:00','1회차','available','2025-06-10 16:45:47'),(912,13,'2025-08-06','19:30:00','1회차','available','2025-06-10 16:45:47'),(913,13,'2025-08-07','19:30:00','1회차','available','2025-06-10 16:45:47'),(914,13,'2025-08-08','19:30:00','1회차','available','2025-06-10 16:45:47'),(915,13,'2025-08-09','19:30:00','1회차','available','2025-06-10 16:45:47'),(916,13,'2025-08-10','19:30:00','1회차','available','2025-06-10 16:45:47'),(917,13,'2025-08-12','19:30:00','1회차','available','2025-06-10 16:45:47'),(918,13,'2025-08-13','19:30:00','1회차','available','2025-06-10 16:45:47'),(919,13,'2025-08-14','19:30:00','1회차','available','2025-06-10 16:45:47'),(920,13,'2025-08-15','19:30:00','1회차','available','2025-06-10 16:45:47'),(921,13,'2025-08-16','19:30:00','1회차','available','2025-06-10 16:45:47'),(922,13,'2025-08-17','19:30:00','1회차','available','2025-06-10 16:45:47'),(923,13,'2025-08-19','19:30:00','1회차','available','2025-06-10 16:45:47'),(924,13,'2025-08-20','19:30:00','1회차','available','2025-06-10 16:45:47'),(925,13,'2025-08-21','19:30:00','1회차','available','2025-06-10 16:45:47'),(926,13,'2025-08-22','19:30:00','1회차','available','2025-06-10 16:45:47'),(927,13,'2025-08-23','19:30:00','1회차','available','2025-06-10 16:45:47'),(928,13,'2025-08-24','19:30:00','1회차','available','2025-06-10 16:45:47'),(929,13,'2025-08-26','19:30:00','1회차','available','2025-06-10 16:45:47'),(930,13,'2025-08-27','19:30:00','1회차','available','2025-06-10 16:45:47'),(931,13,'2025-08-28','19:30:00','1회차','available','2025-06-10 16:45:47'),(932,13,'2025-08-29','19:30:00','1회차','available','2025-06-10 16:45:47'),(933,13,'2025-08-30','19:30:00','1회차','available','2025-06-10 16:45:47'),(934,13,'2025-08-31','19:30:00','1회차','available','2025-06-10 16:45:47'),(935,13,'2025-09-02','19:30:00','1회차','available','2025-06-10 16:45:47'),(936,13,'2025-09-03','19:30:00','1회차','available','2025-06-10 16:45:47'),(937,13,'2025-09-04','19:30:00','1회차','available','2025-06-10 16:45:47'),(938,13,'2025-09-05','19:30:00','1회차','available','2025-06-10 16:45:47'),(939,13,'2025-09-06','19:30:00','1회차','available','2025-06-10 16:45:47'),(940,13,'2025-09-07','19:30:00','1회차','available','2025-06-10 16:45:47'),(941,13,'2025-09-09','19:30:00','1회차','available','2025-06-10 16:45:47'),(942,13,'2025-09-10','19:30:00','1회차','available','2025-06-10 16:45:47'),(943,13,'2025-09-11','19:30:00','1회차','available','2025-06-10 16:45:47'),(944,13,'2025-09-12','19:30:00','1회차','available','2025-06-10 16:45:47'),(945,13,'2025-09-13','19:30:00','1회차','available','2025-06-10 16:45:47'),(946,13,'2025-09-14','19:30:00','1회차','available','2025-06-10 16:45:47'),(947,13,'2025-09-16','19:30:00','1회차','available','2025-06-10 16:45:47'),(948,13,'2025-09-17','19:30:00','1회차','available','2025-06-10 16:45:47'),(949,13,'2025-09-18','19:30:00','1회차','available','2025-06-10 16:45:47'),(950,13,'2025-09-19','19:30:00','1회차','available','2025-06-10 16:45:47'),(951,13,'2025-09-20','19:30:00','1회차','available','2025-06-10 16:45:47'),(952,13,'2025-09-21','19:30:00','1회차','available','2025-06-10 16:45:47'),(953,13,'2025-09-23','19:30:00','1회차','available','2025-06-10 16:45:47'),(954,13,'2025-09-24','19:30:00','1회차','available','2025-06-10 16:45:47'),(955,13,'2025-09-25','19:30:00','1회차','available','2025-06-10 16:45:47'),(956,13,'2025-09-26','19:30:00','1회차','available','2025-06-10 16:45:47'),(957,13,'2025-09-27','19:30:00','1회차','available','2025-06-10 16:45:47'),(958,13,'2025-09-28','19:30:00','1회차','available','2025-06-10 16:45:47'),(959,13,'2025-09-30','19:30:00','1회차','available','2025-06-10 16:45:47'),(960,13,'2025-10-01','19:30:00','1회차','available','2025-06-10 16:45:47'),(961,13,'2025-10-02','19:30:00','1회차','available','2025-06-10 16:45:47'),(962,13,'2025-10-03','19:30:00','1회차','available','2025-06-10 16:45:47'),(963,13,'2025-10-04','19:30:00','1회차','available','2025-06-10 16:45:47'),(964,13,'2025-10-05','19:30:00','1회차','available','2025-06-10 16:45:47'),(965,13,'2025-10-07','19:30:00','1회차','available','2025-06-10 16:45:47'),(966,13,'2025-10-08','19:30:00','1회차','available','2025-06-10 16:45:47'),(967,13,'2025-10-09','19:30:00','1회차','available','2025-06-10 16:45:47'),(968,16,'2025-07-09','19:30:00','1회차','available','2025-06-10 16:47:36'),(969,16,'2025-07-10','19:30:00','1회차','available','2025-06-10 16:47:36'),(970,16,'2025-07-11','19:30:00','1회차','available','2025-06-10 16:47:36'),(971,16,'2025-07-12','19:30:00','1회차','available','2025-06-10 16:47:36'),(972,16,'2025-07-13','19:30:00','1회차','available','2025-06-10 16:47:36'),(973,16,'2025-07-15','19:30:00','1회차','available','2025-06-10 16:47:36'),(974,16,'2025-07-16','19:30:00','1회차','available','2025-06-10 16:47:36'),(975,16,'2025-07-17','19:30:00','1회차','available','2025-06-10 16:47:36'),(976,16,'2025-07-18','19:30:00','1회차','available','2025-06-10 16:47:36'),(977,16,'2025-07-19','19:30:00','1회차','available','2025-06-10 16:47:36'),(978,16,'2025-07-20','19:30:00','1회차','available','2025-06-10 16:47:36'),(979,16,'2025-07-22','19:30:00','1회차','available','2025-06-10 16:47:36'),(980,16,'2025-07-23','19:30:00','1회차','available','2025-06-10 16:47:36'),(981,16,'2025-07-24','19:30:00','1회차','available','2025-06-10 16:47:36'),(982,16,'2025-07-25','19:30:00','1회차','available','2025-06-10 16:47:36'),(983,16,'2025-07-26','19:30:00','1회차','available','2025-06-10 16:47:36'),(984,16,'2025-07-27','19:30:00','1회차','available','2025-06-10 16:47:36'),(985,16,'2025-07-29','19:30:00','1회차','available','2025-06-10 16:47:36'),(986,16,'2025-07-30','19:30:00','1회차','available','2025-06-10 16:47:36'),(987,16,'2025-07-31','19:30:00','1회차','available','2025-06-10 16:47:36'),(988,16,'2025-08-01','19:30:00','1회차','available','2025-06-10 16:47:36'),(989,16,'2025-08-02','19:30:00','1회차','available','2025-06-10 16:47:36'),(990,16,'2025-08-03','19:30:00','1회차','available','2025-06-10 16:47:36'),(991,16,'2025-08-05','19:30:00','1회차','available','2025-06-10 16:47:36'),(992,16,'2025-08-06','19:30:00','1회차','available','2025-06-10 16:47:36'),(993,16,'2025-08-07','19:30:00','1회차','available','2025-06-10 16:47:36'),(994,16,'2025-08-08','19:30:00','1회차','available','2025-06-10 16:47:36'),(995,16,'2025-08-09','19:30:00','1회차','available','2025-06-10 16:47:36'),(996,16,'2025-08-10','19:30:00','1회차','available','2025-06-10 16:47:36'),(997,16,'2025-08-12','19:30:00','1회차','available','2025-06-10 16:47:36'),(998,16,'2025-08-13','19:30:00','1회차','available','2025-06-10 16:47:36'),(999,16,'2025-08-14','19:30:00','1회차','available','2025-06-10 16:47:36'),(1000,16,'2025-08-15','19:30:00','1회차','available','2025-06-10 16:47:36'),(1001,16,'2025-08-16','19:30:00','1회차','available','2025-06-10 16:47:36'),(1002,16,'2025-08-17','19:30:00','1회차','available','2025-06-10 16:47:36'),(1003,16,'2025-08-19','19:30:00','1회차','available','2025-06-10 16:47:36'),(1004,16,'2025-08-20','19:30:00','1회차','available','2025-06-10 16:47:36'),(1005,16,'2025-08-21','19:30:00','1회차','available','2025-06-10 16:47:36'),(1006,16,'2025-08-22','19:30:00','1회차','available','2025-06-10 16:47:36'),(1007,16,'2025-08-23','19:30:00','1회차','available','2025-06-10 16:47:36'),(1008,16,'2025-08-24','19:30:00','1회차','available','2025-06-10 16:47:36'),(1009,16,'2025-08-26','19:30:00','1회차','available','2025-06-10 16:47:36'),(1010,16,'2025-08-27','19:30:00','1회차','available','2025-06-10 16:47:36'),(1011,16,'2025-08-28','19:30:00','1회차','available','2025-06-10 16:47:36'),(1012,16,'2025-08-29','19:30:00','1회차','available','2025-06-10 16:47:36'),(1013,16,'2025-08-30','19:30:00','1회차','available','2025-06-10 16:47:36'),(1014,16,'2025-08-31','19:30:00','1회차','available','2025-06-10 16:47:36'),(1015,16,'2025-09-02','19:30:00','1회차','available','2025-06-10 16:47:36'),(1016,16,'2025-09-03','19:30:00','1회차','available','2025-06-10 16:47:36'),(1017,16,'2025-09-04','19:30:00','1회차','available','2025-06-10 16:47:36'),(1018,16,'2025-09-05','19:30:00','1회차','available','2025-06-10 16:47:36'),(1019,16,'2025-09-06','19:30:00','1회차','available','2025-06-10 16:47:36'),(1020,16,'2025-09-07','19:30:00','1회차','available','2025-06-10 16:47:36'),(1021,16,'2025-09-09','19:30:00','1회차','available','2025-06-10 16:47:36'),(1022,16,'2025-09-10','19:30:00','1회차','available','2025-06-10 16:47:36'),(1023,16,'2025-09-11','19:30:00','1회차','available','2025-06-10 16:47:36'),(1024,16,'2025-09-12','19:30:00','1회차','available','2025-06-10 16:47:36'),(1025,16,'2025-09-13','19:30:00','1회차','available','2025-06-10 16:47:36'),(1026,16,'2025-09-14','19:30:00','1회차','available','2025-06-10 16:47:36'),(1027,16,'2025-09-16','19:30:00','1회차','available','2025-06-10 16:47:36'),(1028,16,'2025-09-17','19:30:00','1회차','available','2025-06-10 16:47:36'),(1029,16,'2025-09-18','19:30:00','1회차','available','2025-06-10 16:47:36'),(1030,16,'2025-09-19','19:30:00','1회차','available','2025-06-10 16:47:36'),(1031,16,'2025-09-20','19:30:00','1회차','available','2025-06-10 16:47:36'),(1032,16,'2025-09-21','19:30:00','1회차','available','2025-06-10 16:47:36'),(1033,16,'2025-09-23','19:30:00','1회차','available','2025-06-10 16:47:36'),(1034,16,'2025-09-24','19:30:00','1회차','available','2025-06-10 16:47:36'),(1035,16,'2025-09-25','19:30:00','1회차','available','2025-06-10 16:47:36'),(1036,16,'2025-09-26','19:30:00','1회차','available','2025-06-10 16:47:36'),(1037,16,'2025-09-27','19:30:00','1회차','available','2025-06-10 16:47:36'),(1038,16,'2025-09-28','19:30:00','1회차','available','2025-06-10 16:47:36'),(1039,16,'2025-09-30','19:30:00','1회차','available','2025-06-10 16:47:36'),(1040,16,'2025-10-01','19:30:00','1회차','available','2025-06-10 16:47:36'),(1041,16,'2025-10-02','19:30:00','1회차','available','2025-06-10 16:47:36'),(1042,16,'2025-10-03','19:30:00','1회차','available','2025-06-10 16:47:36'),(1043,16,'2025-10-04','19:30:00','1회차','available','2025-06-10 16:47:36'),(1044,16,'2025-10-05','19:30:00','1회차','available','2025-06-10 16:47:36'),(1045,16,'2025-10-07','19:30:00','1회차','available','2025-06-10 16:47:36'),(1046,16,'2025-10-08','19:30:00','1회차','available','2025-06-10 16:47:36'),(1047,16,'2025-10-09','19:30:00','1회차','available','2025-06-10 16:47:36');
/*!40000 ALTER TABLE `performance_schedules` ENABLE KEYS */;
UNLOCK TABLES;

--
-- Table structure for table `performances`
--

DROP TABLE IF EXISTS `performances`;
/*!40101 SET @saved_cs_client     = @@character_set_client */;
/*!50503 SET character_set_client = utf8mb4 */;
CREATE TABLE `performances` (
  `performance_id` int NOT NULL AUTO_INCREMENT,
  `title` varchar(200) NOT NULL,
  `genre` enum('뮤지컬','연극','콘서트','오페라','발레') NOT NULL,
  `venue_id` int NOT NULL,
  `description` text,
  `poster_image` varchar(300) DEFAULT NULL,
  `performance_start_date` date NOT NULL,
  `performance_end_date` date NOT NULL,
  `vip_floor` int DEFAULT '1',
  `vip_seats` int DEFAULT '0',
  `vip_price` int DEFAULT '0',
  `r_floor` int DEFAULT '1',
  `r_seats` int DEFAULT '0',
  `r_price` int DEFAULT '0',
  `s_floor` int DEFAULT '2',
  `s_seats` int DEFAULT '0',
  `s_price` int DEFAULT '0',
  `booking_start_date` datetime NOT NULL,
  `booking_end_date` datetime NOT NULL,
  `status` enum('upcoming','booking','closed','finished') DEFAULT 'upcoming',
  `created_at` datetime DEFAULT CURRENT_TIMESTAMP,
  PRIMARY KEY (`performance_id`),
  KEY `venue_id` (`venue_id`),
  CONSTRAINT `performances_ibfk_1` FOREIGN KEY (`venue_id`) REFERENCES `venues` (`venue_id`)
) ENGINE=InnoDB AUTO_INCREMENT=22 DEFAULT CHARSET=utf8mb4 COLLATE=utf8mb4_0900_ai_ci;
/*!40101 SET character_set_client = @saved_cs_client */;

--
-- Dumping data for table `performances`
--

LOCK TABLES `performances` WRITE;
/*!40000 ALTER TABLE `performances` DISABLE KEYS */;
INSERT INTO `performances` VALUES (1,'라흐헤스트','뮤지컬',15,'사람은 가도 예술은 남아','https://i.namu.wiki/i/bXHWy3ilVbt6XgEPFvbDA4yqrkD5GXO-PDIJnSduHXR6YlPOM9zYmphIInrWwMf_5vLq8V7LG4Cn0aynpMmrZxi8a98CTztdjWnMKYXanwW2ahuwrfF0X6HLwN4tl1h95DeUAUYy12XCeqvVPuUWwg.webp','2025-03-25','2025-06-15',0,0,150000,1,100,120000,2,150,80000,'2025-02-25 10:00:00','2025-06-14 23:59:59','finished','2025-06-08 17:37:36'),(2,'톡톡','연극',22,'톡톡','https://i.namu.wiki/i/IsCI2HS-kRV6sWFvMiau1bowEWgN0vm9E-LhnpVIxy3EP7A8jKLp3A1bnqA-QFJ4E1wQJlbbEnxTYHwDuDFLKiO2JISRCRPVtYucphvQxYRhMEldpmEuLdNJJCHd2xZ1wuUBSEJJUwUfaJ6x-g4bDw.webp','2025-06-06','2025-09-23',1,0,150000,1,100,120000,2,150,80000,'2025-05-06 10:00:00','2025-09-22 23:59:59','booking','2025-06-08 17:37:36'),(3,'올랜도 in 버지니아','뮤지컬',21,'우리의 이야기를 완성하자','https://i.namu.wiki/i/bAVhnHZPzPazE5LF9zCAFxz6QNOK93rbpwWFishFR0_MzYB7PSGteJRxqI1Gk4bsOHyHA8y8ObKnxEBKlQLKa1P_8UdfQR8m_rmFigtdFdYaDKb9LZrhTJZ_UJJYDz5Kq77rmfgLFTimKNTeQ2ZlRA.webp','2025-07-09','2025-10-09',0,0,150000,1,100,120000,2,150,80000,'2025-07-09 10:00:00','2025-10-08 23:59:59','upcoming','2025-06-08 17:37:36'),(4,'홍련','뮤지컬',12,'내 얘길 제발 들어줘','https://i.namu.wiki/i/ZorOhh_xVAdvLEWJV0TKn8Kuo9koPH-Np066XYi9N1V4EU0Vl91viq_oPaE7Ro2ZAi-yL8B6Q7jXero6mwXIoYFC8TC1c2uMZSCg1tzA_6u7QBi95w35qgDhGsXrggHh3lFNmQtM7XWq_EsJf5A5Iw.webp','2025-07-09','2025-10-09',0,0,150000,1,100,120000,2,150,80000,'2025-07-09 10:00:00','2025-10-08 23:59:59','upcoming','2025-06-08 17:37:36'),(6,'알렉산더','뮤지컬',19,'1920년대 가난한 아이들의 탈출구였던 자키. 그러나 작고 가벼운 체구를 유지하면서 혹독한 생활에 많은 지망생들이 버그보이 타이틀도 달기 전에 포기하거나 탈락한다. 빌리와 대니도 결국 자키를 포기한다. 어릴 때부터 말들을 좋아하던 빌리는 뛰어난 감각으로 최고의 조교사가 되고, 대니는 경마장 운영단장이 된다. 그러나 경기 중 부상당하는 말들 때문에 괴로워하던 빌리는 경마를 떠나기로 결심하고 달아난다. 빌리를 대신할 실력있는 조교사를 찾지 못한 마주가 경마단 해체를 선언하자, 대니는 빌리에게 돌아와달라고 간청한다. 빌리는 경마단이 해체될 때까지만 숨어있고자 더욱 멀리 달아나는데, 달아난 그곳에서 마차 끄는 말인 알렉산더와 마주친다. 알렉산더의 폭발적인 재능을 알아본 빌리는, 절대 돌아가지 않겠다고 맹세한 그곳으로 홀린듯 돌아가며 딜레마에 빠진다.','https://i.namu.wiki/i/uiu998u9OmjY0G-bjgfTpjRlJNn4ciLXX4JbmVIMz2zHqL5K1UmN-3k_UlXCoGv9c9NNr8IlT2TXlg571f09mIxGFxdmzRsangejxBV8w76Pctf_k6UXRAJVJG4SmpK1stb3pyozUOusYzt8EQt5Ag.webp','2025-07-08','2025-10-30',1,0,0,1,300,66000,2,0,0,'2025-06-08 10:00:00','2025-10-29 23:59:00','booking','2025-06-08 22:55:36'),(7,'태일','연극',23,'1964년, 열여섯 살의 태일은 학업을 마치지 못한 채 평화시장 시다로 취직한다.\r\n불우했던 과거에 얽매일 것도,외면할 것도 없이 태일은 오직 내일이 되면 행복해질 거라는 믿음으로 재봉사가 되기 위해 열심히 일한다.\r\n그러나 평화시장의 일상은 노동 지옥과 다를바 없다. 불합리와 불공정, 폐해로 가득한 현장에서 태일은 노동자, 아니 인간으로서 최소한의 권리를 위해 싸우는데···.','https://i.namu.wiki/i/kI-1n3-eorziMER9rXuQbRjHsIwlyGAbLLVWqaUWLx8KL-V9ycBuIeYnX8HAaUdQYCYF-SGO6ZcXWmZGIana8JUCl2bB6dMpXGbbBiSLY0Jn4dT3FynrDMKQdITN97hldlHF8nSfhv5YtrB8wNAOvw.webp','2025-06-12','2025-07-17',1,0,0,1,200,66000,2,100,50000,'2025-06-10 09:00:00','2025-07-16 23:59:00','booking','2025-06-10 16:07:51'),(8,'브론테','뮤지컬',12,'요크셔, 히스꽃이 만발한 광활한 벌판……\r\n폭풍이 부는 날씨,\r\n그 곳에 한 여자가 있었다.\"\r\n\r\n여자가 글을 쓰는 일 따윈 허락되지 않던 빅토리아 시대.\r\n음울하고 외로운 요크셔의 황야에서 세 명의 놀라운 작가가 탄생했다.\r\n샬럿, 에밀리, 그리고 앤 브론테.\r\n\r\n가난한 목사의 딸로 태어나 죽음과 병이 더 가까웠던 팍팍하고 우울한 삶이었지만,\r\n자매들의 이야기는 활기와 욕망으로 가득했다.\r\n어릴 적부터 슬픔이 찾아올 때면 함께 상상 속으로 도망치며 이야기를 만들어내고,\r\n자매들은 서로의 이야기에 가장 큰 조력자이자 원동력이 된다.\r\n\r\n작가가 되고 싶어 함께 책을 내기로 결정한 그들은\r\n어느 날 에밀리가 들었다던 벌판의 목소리를 주제로 이야기를 써내려간다.\r\n먼 미래에서 그들을 부르는 누군가에 대한 이야기...\r\n그리고 거짓말처럼, 그 이야기대로 그녀들에게 이상한 편지가 도착한다.\r\n그들의 죽음을 지켜봤다는 누군가가 보내온 편지.\r\n편지의 정체는 무엇이며 왜 이곳에 온 걸까?\r\n치열했던 삶 속에서 끝끝내 작가가 되고자 했던 그들은\r\n마침내 원하던 미래를 얻게 될까?','https://i.namu.wiki/i/aQ6Yq8-tw1VbYOCiA82bolYQp46bvqCs3DzKWm8ea1jFaubdL2ZWf5CqoV59sVlYSrbVRmXxcCE8yXHZY37PLdMv6N2xRqhXT5JprMGicnH5HqTRRFnyYJRKFpAEAYxLmj7kzwos0I9SrXvV_qtY5g.webp','2022-09-04','2022-11-13',1,0,0,1,300,66000,2,0,0,'2022-08-10 09:00:00','2022-11-12 23:59:00','finished','2025-06-10 16:13:02'),(9,'2024 IU H.E.R. WORLD TOUR CONCERT IN SEOUL','콘서트',24,'2024 IU H.E.R. WORLD TOUR CONCERT IN SEOUL','https://i.namu.wiki/i/U6_hpd_57ShaYx7ThzvMW2OM_EeXP-P5xEEdhtwBQbFuvPY7oHeeh7KMTMudtddtJfkCLzLFpw7E7mPc4klJjqVbB6kUN9JsBgu8pmrdblRXIl6gczvqrJM1zfQnjIDolyQggmK0x3SN5dB-x7jI9g.webp','2025-06-10','2025-06-11',1,500,200000,1,2000,150000,2,1000,100000,'2025-06-10 09:00:00','2025-06-10 23:59:00','closed','2025-06-10 16:26:17'),(10,'해적','뮤지컬',1,'해적들이 드나드는 항구마을에 사는 루이스. 해적이었던 아버지가 죽은 후, 아버지의 친구였다고 주장하는 캡틴 잭이 찾아온다. 잭은 유품이나 유언이 없었는지 캐묻고, 루이스는 아무것도 없다고 대답한다. 아버지의 초라한 유품 중 하나가 보물섬 지도임을 알게 된 루이스는, 자신을 데려가지 않으면 지도에 대해 알려주지 않겠다고 버틴다. 잭은 어쩔 수 없이 루이스를 해적선에 태우고 출발한다. 보물섬으로 향하는 길에 명사수 앤과 검투사 메리가 그들의 일행이 된다. 긴 항해 끝에 도착한 보물섬에서 갑판장 하워드가 반란을 일으키고, 해적 헌터의 추격까지 받으며 잭의 해적선은 위기에 위기를 맞게 된다.','https://i.namu.wiki/i/JvDQHQ8LVI4FvxzLaI0u4kfP1uPuA3r4v_m_FRoLfJd5s_twRi_H1zQCgS5BDE9_6y1yzGLlSmMm4bDLJDSjBKGNUMoxxctkyvYpo1dRIID_PtiwUtQwyypuqYFfaJmLljuwvYU3LRf-zK_1yrMCYg.webp','2025-03-25','2025-06-15',0,0,150000,1,100,120000,2,150,80000,'2025-02-25 10:00:00','2025-06-14 23:59:59','closed','2025-06-10 16:34:42'),(11,'인사이드 윌리엄','뮤지컬',2,'인사이드 윌리엄','https://i.namu.wiki/i/3G4phgsmqyTcU8XnZP72hoR3HslBJv68XbspnrUGpispGp3JbKMGNwiGLs3UBNJrzFQfcuY66RHgsHV9LBc_ysL1DvlP35XsAACfy8lO8cXG5lTonhVMkGBRIdGVHHz-yqgjNTm9Zh-wVP1Dx3ItWg.webp','2024-12-06','2025-02-23',0,0,150000,1,100,120000,2,150,80000,'2024-11-06 10:00:00','2025-02-22 23:59:59','finished','2025-06-10 16:34:42'),(12,'제인','연극',3,'연극 제인에어','https://i.namu.wiki/i/_NtA5-_vtkEtYdxA5ifgUhdtO2fT8CyB9I1PRJNkpcmTTrsNXOdABsEx9jst7MK3wuN2gYNy4QQ1nn0pbnbrR9tCXtmboBYBl7A8z7HHsk4bwALig_vJeqEfuNI64FZLUE4dPGTBLPujWPIDtCguyg.webp','2025-07-09','2025-10-09',1,0,150000,1,100,120000,2,150,80000,'2025-06-09 10:00:00','2025-10-08 23:59:59','booking','2025-06-10 16:34:42'),(13,'리지','뮤지컬',4,'리지','https://i.namu.wiki/i/WWuGAA2bGXFyB6CVbNShI49R-yQTqSrm8XBypjtRmjUFfSuHXy0W3b6PbbNjKrcX687OJWJYzFm4hORKeRpnQ80jID3DGBkK4B6XGMPba5_057lYVljjFgd2nSMUhfpERdmU1DfeN21yL6GSAfgTew.webp','2025-07-09','2025-10-09',1,0,150000,1,100,120000,2,150,80000,'2025-06-09 10:00:00','2025-10-08 23:59:59','booking','2025-06-10 16:34:42'),(14,'햄릿','연극',5,'햄릿','https://ticketimage.interpark.com/Play/image/large/24/24012630_p.gif','2025-03-25','2025-06-15',0,0,150000,1,100,120000,2,150,80000,'2025-02-25 10:00:00','2025-06-14 23:59:59','closed','2025-06-10 16:34:42'),(15,'오셸로의 재심','연극',6,'오셸로','https://i.namu.wiki/i/XHp-Rh8rYRDCYfdewLgXDVADkBw9WRjMu7EEQyuSa9Ue3WtkNBAvSwygQGdKGE7za2sgxV55Gr4jMj_EAC061yui2o-fVTcKM5DXczusYxSyxZkFTYkNNSVX8mzWn8NPncnf4AfYicQSzCTYd4gDLQ.webp','2024-12-06','2025-02-23',0,0,150000,1,100,120000,2,150,80000,'2024-11-06 10:00:00','2025-02-22 23:59:59','finished','2025-06-10 16:34:42'),(16,'여기, 피화당','뮤지컬',7,'여기,피화당','https://i.namu.wiki/i/uhsuzbDUN9LYdWWjyQMNH7cA0SUDpJf9cdhT3ks3P6JbhukzsANcuJCtWdT_CI1vzu7K6FsfCu5nXRr7y-7F98ZQvKF6bV2Ho7KDarezfryDOLpeedlbRv2lon2_1Mzz5MsZKQX-Wl5z0y6MZcZR3Q.webp','2025-07-09','2025-10-09',1,0,150000,1,100,120000,2,150,80000,'2025-06-09 10:00:00','2025-10-08 23:59:59','upcoming','2025-06-10 16:34:42'),(17,'마리퀴리','뮤지컬',8,'마리퀴리','https://i.namu.wiki/i/dFLfC3UQQ5FnQ15yFs4Oc_Yb4LK4Cmi0DTqtX1O0XTzx8-u2Yf9FROONVNDWYN8ZI5BHt4H1baqlJWjnH_HlQRa6WIO0ENqFT0RG8GkpymuNmsIRTyY4-xhVhHecaD6pZCvH40gm7BuML821EEezBA.webp','2025-07-09','2025-10-09',0,0,150000,1,100,120000,2,150,80000,'2025-06-09 10:00:00','2025-10-08 23:59:59','upcoming','2025-06-10 16:34:42'),(18,'아킬레스','뮤지컬',9,'아킬레스','https://i.namu.wiki/i/M19i1U60Je-_vJusWzHmugWEbkpzz4I4TeUFBuauAYPbs7gI-ypJDQmhJnzJIOnwIv-qAIF9hAkBiwYMaTN_9GdbSSd6nBNWCTEy3oO7pa5r1iz8_5ZD5G2AApo-T6TKVPQdbXb3p-zLnh7Pz-5-uQ.webp','2025-03-25','2025-06-15',0,0,150000,1,100,120000,2,150,80000,'2025-02-25 10:00:00','2025-06-14 23:59:59','closed','2025-06-10 16:34:42'),(19,'종의 기원','뮤지컬',10,'종의 기원','https://i.namu.wiki/i/gDPYkCwoCpefi_WUzCEJAwQz1Ar4IwepHc1YDDso-bXlZ9_RJ4t8CX9NJERHsRBCmiO81rd-f_qQ_14DHizzo8a0ZdRaOO7vT3uW5lpNdf5pYt3-cTcUZ-xp1ow1vG4HabKHpF7nTjBjaHDbslO7QQ.webp','2024-12-06','2025-02-23',0,0,150000,1,100,120000,2,150,80000,'2024-11-06 10:00:00','2025-02-22 23:59:59','finished','2025-06-10 16:34:42'),(20,'메리셸리','뮤지컬',11,'메리셸리','https://i.namu.wiki/i/O9U-rEnCeu0J06DlHhtfhSj1ONijOrdr2vRGhP5EhaLYjDrz2nvKGb1aLPwhPYCBTRIKKRt96e1-TI_C1AOeQJWpCOMBN4bVXSqUNXGZZSYeq0dYZoYPG7wG-cbaYiXv9RM0VeBUxB_rGUUmYeebKw.webp','2025-07-09','2025-10-09',0,0,150000,1,100,120000,2,150,80000,'2025-06-09 10:00:00','2025-10-08 23:59:59','upcoming','2025-06-10 16:34:42'),(21,'aespa LIVE TOUR SYNK : PARALLEL LINE','콘서트',24,'에스파 콘서트','https://i.namu.wiki/i/u6yfWUuO8v5bWNz-xHPZgeD4-s5WNfAz2fElxfa6ApKVCPOLQQ1bPXfqfpCAKzm3YM_VKOfMp7S5qoLATTJtY5RANkeApl6GrcNxzhGTi0GM4S5pga8SBB9PSLaDNes5iP2F58Oi0WKPamoOTfyUwA.webp','2024-06-29','2025-03-16',0,0,150000,1,100,120000,2,150,80000,'2024-06-09 10:00:00','2025-03-15 23:59:59','finished','2025-06-10 16:34:42');
/*!40000 ALTER TABLE `performances` ENABLE KEYS */;
UNLOCK TABLES;

--
-- Table structure for table `users`
--

DROP TABLE IF EXISTS `users`;
/*!40101 SET @saved_cs_client     = @@character_set_client */;
/*!50503 SET character_set_client = utf8mb4 */;
CREATE TABLE `users` (
  `user_id` varchar(20) NOT NULL,
  `password` varchar(100) NOT NULL,
  `name` varchar(50) NOT NULL,
  `phone` varchar(15) NOT NULL,
  `address` varchar(200) NOT NULL,
  `email` varchar(100) NOT NULL,
  `is_staff` tinyint(1) DEFAULT '0',
  `created_at` datetime DEFAULT CURRENT_TIMESTAMP,
  PRIMARY KEY (`user_id`)
) ENGINE=InnoDB DEFAULT CHARSET=utf8mb4 COLLATE=utf8mb4_0900_ai_ci;
/*!40101 SET character_set_client = @saved_cs_client */;

--
-- Dumping data for table `users`
--

LOCK TABLES `users` WRITE;
/*!40000 ALTER TABLE `users` DISABLE KEYS */;
INSERT INTO `users` VALUES ('admin','admin123','관리자','010-1234-5678','서울시 종로구 세종대로 175','admin@showticket.com',1,'2025-06-08 16:39:34'),('admin1234','qwer1234','admin','010-1567-1237','서울특별시 흑석동 중앙대학교','admin@naver.com',1,'2025-06-08 21:42:03'),('test','qwer1234','test','010-4567-1234','서울특별시 흑석동','test@naver.com',0,'2025-06-08 19:34:22'),('test1234','qwer1234','test','010-7561-4598','서울특별시 흑석동 중앙대학교','lion@naver.com',0,'2025-06-08 23:01:53'),('user001','pass123','김철수','010-1111-1111','서울시 강남구 테헤란로 123','kim@email.com',0,'2025-06-08 16:39:34'),('user002','pass456','이영희','010-2222-2222','서울시 마포구 홍대입구역 456','lee@email.com',0,'2025-06-08 16:39:34'),('user003','pass789','박민수','010-3333-3333','서울시 송파구 잠실동 789','park@email.com',0,'2025-06-08 16:39:34'),('user004','mypass1','최수지','010-4444-4444','서울시 서초구 강남대로 101','choi@email.com',0,'2025-06-08 16:39:34'),('user005','mypass2','정우진','010-5555-5555','경기도 성남시 분당구 112','jung@email.com',0,'2025-06-08 16:39:34'),('user006','mypass3','강미나','010-6666-6666','인천시 연수구 송도동 113','kang@email.com',0,'2025-06-08 16:39:34'),('user007','mypass4','윤태호','010-7777-7777','부산시 해운대구 우동 114','yoon@email.com',0,'2025-06-08 16:39:34'),('user008','mypass5','한소영','010-8888-8888','대구시 중구 동성로 115','han@email.com',0,'2025-06-08 16:39:34'),('user009','mypass6','임준호','010-9999-9999','광주시 서구 상무동 116','lim@email.com',0,'2025-06-08 16:39:34'),('user010','mypass7','송하나','010-1010-1010','대전시 유성구 봉명동 117','song@email.com',0,'2025-06-08 16:39:34'),('user011','mypass8','조민지','010-1111-2222','울산시 남구 삼산동 118','cho@email.com',0,'2025-06-08 16:39:34'),('user012','mypass9','안준수','010-2222-3333','세종시 조치원읍 119','ahn@email.com',0,'2025-06-08 16:39:34'),('user013','pass001','배수진','010-3333-4444','강원도 춘천시 효자동 120','bae@email.com',0,'2025-06-08 16:39:34'),('user014','pass002','오현우','010-4444-5555','충북 청주시 흥덕구 121','oh@email.com',0,'2025-06-08 16:39:34'),('user015','pass003','심은하','010-5555-6666','충남 천안시 동남구 122','sim@email.com',0,'2025-06-08 16:39:34'),('user016','pass004','노태영','010-6666-7777','전북 전주시 완산구 123','noh@email.com',0,'2025-06-08 16:39:34'),('user017','pass005','문지영','010-7777-8888','전남 여수시 문수동 124','moon@email.com',0,'2025-06-08 16:39:34'),('user018','pass006','허준영','010-8888-9999','경북 포항시 북구 125','heo@email.com',0,'2025-06-08 16:39:34'),('user019','pass007','고민정','010-9999-1111','경남 창원시 의창구 126','go@email.com',0,'2025-06-08 16:39:34');
/*!40000 ALTER TABLE `users` ENABLE KEYS */;
UNLOCK TABLES;

--
-- Table structure for table `venues`
--

DROP TABLE IF EXISTS `venues`;
/*!40101 SET @saved_cs_client     = @@character_set_client */;
/*!50503 SET character_set_client = utf8mb4 */;
CREATE TABLE `venues` (
  `venue_id` int NOT NULL AUTO_INCREMENT,
  `venue_name` varchar(100) NOT NULL,
  `location` varchar(200) NOT NULL,
  `created_at` datetime DEFAULT CURRENT_TIMESTAMP,
  PRIMARY KEY (`venue_id`)
) ENGINE=InnoDB AUTO_INCREMENT=25 DEFAULT CHARSET=utf8mb4 COLLATE=utf8mb4_0900_ai_ci;
/*!40101 SET character_set_client = @saved_cs_client */;

--
-- Dumping data for table `venues`
--

LOCK TABLES `venues` WRITE;
/*!40000 ALTER TABLE `venues` DISABLE KEYS */;
INSERT INTO `venues` VALUES (1,'세종문화회관 대극장','서울시 종로구 세종대로 175','2025-06-08 16:56:48'),(2,'세종문화회관 M씨어터','서울시 종로구 세종대로 175','2025-06-08 16:56:48'),(3,'세종문화회관 S씨어터','서울시 종로구 세종대로 175','2025-06-08 16:56:48'),(4,'예술의전당 오페라극장','서울시 서초구 남부순환로 2406','2025-06-08 16:56:48'),(5,'예술의전당 CJ토월극장','서울시 서초구 남부순환로 2406','2025-06-08 16:56:48'),(6,'예술의전당 자유소극장','서울시 서초구 남부순환로 2406','2025-06-08 16:56:48'),(7,'국립극장 해오름극장','서울시 중구 장충단로 59','2025-06-08 16:56:48'),(8,'국립극장 달오름극장','서울시 중구 장충단로 59','2025-06-08 16:56:48'),(9,'충무아트센터 대극장','서울시 중구 퇴계로 387','2025-06-08 16:56:48'),(10,'충무아트센터 중극장 블랙','서울시 중구 퇴계로 387','2025-06-08 16:56:48'),(11,'LG아트센터 서울','서울특별시 강서구 마곡중앙로 136','2025-06-08 16:56:48'),(12,'대학로 자유극장','서울특별시 종로구 동숭동 1-45','2025-06-08 16:56:48'),(13,'링크아트센터 페이코홀','서울시 종로구 대학로14길 29','2025-06-08 16:56:48'),(14,'링크아트센터 벅스홀','서울시 종로구 대학로14길 29','2025-06-08 16:56:48'),(15,'예스24스테이지 1관','서울특별시 종로구 대학로12길 21','2025-06-08 16:56:48'),(16,'예스24스테이지 2관','서울특별시 종로구 대학로12길 21','2025-06-08 16:56:48'),(17,'예스24스테이지 3관','서울특별시 종로구 대학로12길 21','2025-06-08 16:56:48'),(18,'링크아트센터드림 1관','서울특별시 종로구 동숭길 123','2025-06-08 16:56:48'),(19,'링크아트센터드림 2관','서울특별시 종로구 동숭길 123','2025-06-08 16:56:48'),(20,'링크아트센터드림 3관','서울특별시 종로구 동숭길 123','2025-06-08 16:56:48'),(21,'링크아트센터드림 4관','서울특별시 종로구 동숭길 123','2025-06-08 16:56:48'),(22,'대학로 TOM 1관','서울특별시 종로구 대학로8가길 85','2025-06-08 16:56:48'),(23,'대학로 TOM 2관','서울특별시 종로구 대학로8가길 85','2025-06-08 16:56:48'),(24,'올림픽 체조경기장','서울특별시 송파구 올림픽로 424(방이동 88-2)','2025-06-10 16:22:55');
/*!40000 ALTER TABLE `venues` ENABLE KEYS */;
UNLOCK TABLES;

--
-- Dumping routines for database 'performance_booking'
--
/*!40103 SET TIME_ZONE=@OLD_TIME_ZONE */;

/*!40101 SET SQL_MODE=@OLD_SQL_MODE */;
/*!40014 SET FOREIGN_KEY_CHECKS=@OLD_FOREIGN_KEY_CHECKS */;
/*!40014 SET UNIQUE_CHECKS=@OLD_UNIQUE_CHECKS */;
/*!40101 SET CHARACTER_SET_CLIENT=@OLD_CHARACTER_SET_CLIENT */;
/*!40101 SET CHARACTER_SET_RESULTS=@OLD_CHARACTER_SET_RESULTS */;
/*!40101 SET COLLATION_CONNECTION=@OLD_COLLATION_CONNECTION */;
/*!40111 SET SQL_NOTES=@OLD_SQL_NOTES */;

-- Dump completed on 2025-06-10 17:05:06
